年,月,日,ビール消費支出
2006,1,1,33.87
2006,1,2,50.81
2006,1,3,41.84
2006,1,4,23.76
2006,1,5,22.04
2006,1,6,24.69
2006,1,7,30.56
2006,1,8,41.06
2006,1,9,27.19
2006,1,10,19.24
2006,1,11,28.72
2006,1,12,21.58
2006,1,13,18.79
2006,1,14,27.1
2006,1,15,33.49
2006,1,16,26.4
2006,1,17,15.42
2006,1,18,23.71
2006,1,19,21.9
2006,1,20,25.17
2006,1,21,38.67
2006,1,22,36.58
2006,1,23,28.54
2006,1,24,22.8
2006,1,25,42.45
2006,1,26,33.97
2006,1,27,26.71
2006,1,28,52.9
2006,1,29,46.57
2006,1,30,29.7
2006,1,31,22.57
2006,2,1,26.53
2006,2,2,19.64
2006,2,3,26.37
2006,2,4,26.45
2006,2,5,43.27
2006,2,6,25.71
2006,2,7,23.62
2006,2,8,28.09
2006,2,9,20.52
2006,2,10,26.42
2006,2,11,39.39
2006,2,12,40.63
2006,2,13,16.41
2006,2,14,15.68
2006,2,15,29.64
2006,2,16,33.52
2006,2,17,28.71
2006,2,18,40.08
2006,2,19,45.36
2006,2,20,21.24
2006,2,21,43.05
2006,2,22,18.24
2006,2,23,34.74
2006,2,24,34.53
2006,2,25,56.31
2006,2,26,48.04
2006,2,27,30.45
2006,2,28,37.24
2006,3,1,28.69
2006,3,2,30.92
2006,3,3,32.27
2006,3,4,32.51
2006,3,5,48.07
2006,3,6,17.43
2006,3,7,35.62
2006,3,8,23.83
2006,3,9,21.77
2006,3,10,32.04
2006,3,11,62.95
2006,3,12,38.93
2006,3,13,23.9
2006,3,14,17.24
2006,3,15,29.63
2006,3,16,20.12
2006,3,17,30.37
2006,3,18,53.53
2006,3,19,46.61
2006,3,20,32.46
2006,3,21,43.56
2006,3,22,41.99
2006,3,23,36.04
2006,3,24,23.99
2006,3,25,76.06
2006,3,26,58.21
2006,3,27,43.62
2006,3,28,30.51
2006,3,29,29.48
2006,3,30,15.55
2006,3,31,38.02
2006,4,1,51.12
2006,4,2,45.07
2006,4,3,33.41
2006,4,4,28.04
2006,4,5,22.82
2006,4,6,30.69
2006,4,7,33.22
2006,4,8,50.83
2006,4,9,49.5
2006,4,10,36.85
2006,4,11,24.3
2006,4,12,32.21
2006,4,13,28.04
2006,4,14,43.82
2006,4,15,46.51
2006,4,16,52.67
2006,4,17,27.17
2006,4,18,28.02
2006,4,19,38.61
2006,4,20,33.35
2006,4,21,42.6
2006,4,22,67.87
2006,4,23,56.87
2006,4,24,22.92
2006,4,25,30.33
2006,4,26,37.83
2006,4,27,39.55
2006,4,28,53.08
2006,4,29,81.21
2006,4,30,88.5
2006,5,1,52.49
2006,5,2,50.55
2006,5,3,71.53
2006,5,4,51.43
2006,5,5,62.75
2006,5,6,49.67
2006,5,7,54.96
2006,5,8,38.19
2006,5,9,28.82
2006,5,10,30.22
2006,5,11,31.36
2006,5,12,38.44
2006,5,13,34.87
2006,5,14,48.62
2006,5,15,25.83
2006,5,16,36.63
2006,5,17,23.77
2006,5,18,23.44
2006,5,19,37.46
2006,5,20,55.09
2006,5,21,65.6
2006,5,22,41.49
2006,5,23,42.71
2006,5,24,33.49
2006,5,25,34.33
2006,5,26,49.23
2006,5,27,63.34
2006,5,28,54.36
2006,5,29,40.82
2006,5,30,25.78
2006,5,31,38.44
2006,6,1,33.86
2006,6,2,37.37
2006,6,3,67.14
2006,6,4,46.14
2006,6,5,39.5
2006,6,6,30.08
2006,6,7,26.02
2006,6,8,37.12
2006,6,9,46.52
2006,6,10,51.82
2006,6,11,62.71
2006,6,12,30.77
2006,6,13,35.62
2006,6,14,47.11
2006,6,15,38.65
2006,6,16,46.47
2006,6,17,65.92
2006,6,18,73.93
2006,6,19,42.82
2006,6,20,42.66
2006,6,21,38.71
2006,6,22,29.09
2006,6,23,41.97
2006,6,24,84.88
2006,6,25,57.93
2006,6,26,33.36
2006,6,27,52.08
2006,6,28,49.68
2006,6,29,51.6
2006,6,30,67.43
2006,7,1,83.35
2006,7,2,91.1
2006,7,3,44.34
2006,7,4,53.82
2006,7,5,57.71
2006,7,6,51.49
2006,7,7,67.7
2006,7,8,64.15
2006,7,9,90.71
2006,7,10,41.5
2006,7,11,65.4
2006,7,12,47.71
2006,7,13,62.89
2006,7,14,80.97
2006,7,15,99.84
2006,7,16,126.58
2006,7,17,63.57
2006,7,18,44.9
2006,7,19,37.0
2006,7,20,47.24
2006,7,21,49.06
2006,7,22,55.98
2006,7,23,69.84
2006,7,24,42.1
2006,7,25,62.37
2006,7,26,57.76
2006,7,27,56.76
2006,7,28,43.4
2006,7,29,96.59
2006,7,30,93.88
2006,7,31,78.33
2006,8,1,61.0
2006,8,2,51.77
2006,8,3,55.08
2006,8,4,63.75
2006,8,5,102.85
2006,8,6,98.38
2006,8,7,62.02
2006,8,8,52.93
2006,8,9,56.34
2006,8,10,100.55
2006,8,11,87.89
2006,8,12,161.4
2006,8,13,148.32
2006,8,14,104.35
2006,8,15,76.5
2006,8,16,58.09
2006,8,17,35.77
2006,8,18,46.24
2006,8,19,57.47
2006,8,20,57.03
2006,8,21,34.49
2006,8,22,44.54
2006,8,23,35.01
2006,8,24,34.42
2006,8,25,45.01
2006,8,26,68.09
2006,8,27,53.26
2006,8,28,47.38
2006,8,29,45.18
2006,8,30,29.15
2006,8,31,28.71
2006,9,1,40.85
2006,9,2,57.54
2006,9,3,48.85
2006,9,4,32.62
2006,9,5,23.15
2006,9,6,31.62
2006,9,7,36.98
2006,9,8,38.77
2006,9,9,58.74
2006,9,10,55.94
2006,9,11,22.29
2006,9,12,26.03
2006,9,13,25.21
2006,9,14,25.66
2006,9,15,33.53
2006,9,16,62.31
2006,9,17,48.96
2006,9,18,48.46
2006,9,19,22.24
2006,9,20,28.3
2006,9,21,31.72
2006,9,22,45.55
2006,9,23,46.72
2006,9,24,46.61
2006,9,25,28.86
2006,9,26,31.06
2006,9,27,34.17
2006,9,28,26.64
2006,9,29,35.81
2006,9,30,53.82
2006,10,1,55.79
2006,10,2,35.3
2006,10,3,23.73
2006,10,4,36.5
2006,10,5,29.9
2006,10,6,32.96
2006,10,7,46.78
2006,10,8,50.46
2006,10,9,46.32
2006,10,10,33.44
2006,10,11,26.42
2006,10,12,33.55
2006,10,13,36.58
2006,10,14,55.37
2006,10,15,46.21
2006,10,16,50.93
2006,10,17,33.45
2006,10,18,33.66
2006,10,19,31.66
2006,10,20,33.85
2006,10,21,47.23
2006,10,22,43.64
2006,10,23,32.12
2006,10,24,27.07
2006,10,25,35.74
2006,10,26,29.76
2006,10,27,56.78
2006,10,28,45.93
2006,10,29,58.25
2006,10,30,26.38
2006,10,31,35.25
2006,11,1,43.11
2006,11,2,42.55
2006,11,3,62.08
2006,11,4,48.1
2006,11,5,57.4
2006,11,6,24.23
2006,11,7,26.81
2006,11,8,24.58
2006,11,9,25.09
2006,11,10,26.92
2006,11,11,30.9
2006,11,12,36.25
2006,11,13,21.79
2006,11,14,25.76
2006,11,15,23.79
2006,11,16,34.85
2006,11,17,36.75
2006,11,18,45.76
2006,11,19,44.98
2006,11,20,26.22
2006,11,21,24.73
2006,11,22,43.48
2006,11,23,63.06
2006,11,24,37.44
2006,11,25,49.26
2006,11,26,44.37
2006,11,27,42.61
2006,11,28,30.24
2006,11,29,31.7
2006,11,30,33.61
2006,12,1,46.07
2006,12,2,56.46
2006,12,3,65.99
2006,12,4,37.87
2006,12,5,57.96
2006,12,6,34.24
2006,12,7,34.49
2006,12,8,51.84
2006,12,9,69.28
2006,12,10,81.34
2006,12,11,30.46
2006,12,12,35.51
2006,12,13,32.12
2006,12,14,44.93
2006,12,15,44.24
2006,12,16,55.66
2006,12,17,65.97
2006,12,18,40.21
2006,12,19,45.71
2006,12,20,43.39
2006,12,21,45.49
2006,12,22,51.73
2006,12,23,71.66
2006,12,24,74.2
2006,12,25,54.57
2006,12,26,63.71
2006,12,27,47.27
2006,12,28,99.1
2006,12,29,112.43
2006,12,30,166.9
2006,12,31,152.4
2007,1,1,32.63
2007,1,2,61.29
2007,1,3,39.82
2007,1,4,27.62
2007,1,5,27.12
2007,1,6,35.08
2007,1,7,31.82
2007,1,8,27.48
2007,1,9,19.09
2007,1,10,21.06
2007,1,11,28.5
2007,1,12,21.59
2007,1,13,42.43
2007,1,14,36.61
2007,1,15,22.83
2007,1,16,28.09
2007,1,17,18.45
2007,1,18,22.94
2007,1,19,17.44
2007,1,20,56.73
2007,1,21,44.48
2007,1,22,17.66
2007,1,23,17.59
2007,1,24,15.21
2007,1,25,29.63
2007,1,26,29.25
2007,1,27,54.57
2007,1,28,48.2
2007,1,29,30.65
2007,1,30,23.02
2007,1,31,17.75
2007,2,1,29.66
2007,2,2,26.88
2007,2,3,62.93
2007,2,4,34.79
2007,2,5,26.03
2007,2,6,27.17
2007,2,7,21.22
2007,2,8,27.37
2007,2,9,23.86
2007,2,10,43.49
2007,2,11,46.27
2007,2,12,30.03
2007,2,13,17.04
2007,2,14,20.72
2007,2,15,20.23
2007,2,16,28.58
2007,2,17,40.82
2007,2,18,36.36
2007,2,19,23.58
2007,2,20,27.41
2007,2,21,28.42
2007,2,22,26.97
2007,2,23,26.7
2007,2,24,47.28
2007,2,25,39.29
2007,2,26,30.78
2007,2,27,31.08
2007,2,28,33.47
2007,3,1,40.64
2007,3,2,40.13
2007,3,3,48.63
2007,3,4,43.1
2007,3,5,21.14
2007,3,6,21.4
2007,3,7,25.61
2007,3,8,23.59
2007,3,9,31.91
2007,3,10,48.92
2007,3,11,41.55
2007,3,12,25.18
2007,3,13,25.54
2007,3,14,23.61
2007,3,15,25.82
2007,3,16,29.8
2007,3,17,37.0
2007,3,18,48.37
2007,3,19,24.77
2007,3,20,30.31
2007,3,21,46.17
2007,3,22,32.06
2007,3,23,47.75
2007,3,24,53.46
2007,3,25,50.9
2007,3,26,26.27
2007,3,27,29.61
2007,3,28,30.17
2007,3,29,31.33
2007,3,30,35.2
2007,3,31,64.3
2007,4,1,75.75
2007,4,2,32.04
2007,4,3,27.52
2007,4,4,29.37
2007,4,5,34.66
2007,4,6,40.68
2007,4,7,44.0
2007,4,8,52.41
2007,4,9,21.63
2007,4,10,34.37
2007,4,11,28.33
2007,4,12,27.97
2007,4,13,30.76
2007,4,14,43.22
2007,4,15,53.44
2007,4,16,30.65
2007,4,17,26.94
2007,4,18,25.03
2007,4,19,39.9
2007,4,20,42.86
2007,4,21,59.63
2007,4,22,42.07
2007,4,23,35.08
2007,4,24,32.23
2007,4,25,37.18
2007,4,26,49.09
2007,4,27,65.53
2007,4,28,77.02
2007,4,29,74.53
2007,4,30,73.14
2007,5,1,43.23
2007,5,2,66.32
2007,5,3,67.32
2007,5,4,65.78
2007,5,5,60.98
2007,5,6,41.28
2007,5,7,28.85
2007,5,8,32.39
2007,5,9,33.39
2007,5,10,24.96
2007,5,11,35.61
2007,5,12,51.76
2007,5,13,58.71
2007,5,14,24.27
2007,5,15,25.68
2007,5,16,21.08
2007,5,17,31.52
2007,5,18,41.98
2007,5,19,58.05
2007,5,20,49.88
2007,5,21,25.13
2007,5,22,35.93
2007,5,23,34.03
2007,5,24,36.79
2007,5,25,48.32
2007,5,26,66.17
2007,5,27,81.41
2007,5,28,39.33
2007,5,29,19.85
2007,5,30,27.24
2007,5,31,32.08
2007,6,1,45.06
2007,6,2,71.73
2007,6,3,67.79
2007,6,4,36.52
2007,6,5,43.34
2007,6,6,44.12
2007,6,7,37.47
2007,6,8,46.12
2007,6,9,58.78
2007,6,10,35.68
2007,6,11,40.86
2007,6,12,40.09
2007,6,13,31.97
2007,6,14,50.21
2007,6,15,49.82
2007,6,16,90.45
2007,6,17,94.1
2007,6,18,33.44
2007,6,19,52.09
2007,6,20,35.55
2007,6,21,47.11
2007,6,22,54.06
2007,6,23,89.44
2007,6,24,52.51
2007,6,25,43.24
2007,6,26,48.11
2007,6,27,77.22
2007,6,28,56.66
2007,6,29,81.1
2007,6,30,93.62
2007,7,1,109.52
2007,7,2,43.13
2007,7,3,55.15
2007,7,4,49.19
2007,7,5,55.59
2007,7,6,38.74
2007,7,7,85.45
2007,7,8,92.51
2007,7,9,47.86
2007,7,10,53.38
2007,7,11,52.36
2007,7,12,48.86
2007,7,13,52.54
2007,7,14,70.69
2007,7,15,73.52
2007,7,16,72.2
2007,7,17,62.43
2007,7,18,57.64
2007,7,19,52.98
2007,7,20,63.09
2007,7,21,64.32
2007,7,22,83.56
2007,7,23,44.51
2007,7,24,44.48
2007,7,25,61.94
2007,7,26,69.4
2007,7,27,60.73
2007,7,28,122.9
2007,7,29,89.7
2007,7,30,58.81
2007,7,31,45.84
2007,8,1,90.25
2007,8,2,69.2
2007,8,3,61.3
2007,8,4,95.76
2007,8,5,109.03
2007,8,6,62.38
2007,8,7,63.31
2007,8,8,62.13
2007,8,9,75.32
2007,8,10,90.45
2007,8,11,146.07
2007,8,12,138.48
2007,8,13,139.93
2007,8,14,92.35
2007,8,15,78.64
2007,8,16,98.95
2007,8,17,51.85
2007,8,18,55.55
2007,8,19,51.68
2007,8,20,49.74
2007,8,21,32.54
2007,8,22,50.01
2007,8,23,42.54
2007,8,24,41.93
2007,8,25,95.71
2007,8,26,84.0
2007,8,27,39.46
2007,8,28,41.0
2007,8,29,49.69
2007,8,30,48.07
2007,8,31,48.12
2007,9,1,66
2007,9,2,74.51
2007,9,3,35.48
2007,9,4,27.8
2007,9,5,44.81
2007,9,6,29.52
2007,9,7,35.44
2007,9,8,57.12
2007,9,9,61.43
2007,9,10,36.31
2007,9,11,38.69
2007,9,12,34
2007,9,13,38.32
2007,9,14,36.85
2007,9,15,58.63
2007,9,16,70.47
2007,9,17,48.85
2007,9,18,35.93
2007,9,19,37.72
2007,9,20,45.73
2007,9,21,42.81
2007,9,22,69.89
2007,9,23,62.69
2007,9,24,57.12
2007,9,25,44.45
2007,9,26,36.11
2007,9,27,42.59
2007,9,28,43.31
2007,9,29,46.34
2007,9,30,58.54
2007,10,1,40.39
2007,10,2,36.13
2007,10,3,33.52
2007,10,4,32.1
2007,10,5,41.52
2007,10,6,55.51
2007,10,7,49.72
2007,10,8,51.74
2007,10,9,28.95
2007,10,10,23.28
2007,10,11,36.83
2007,10,12,26.85
2007,10,13,48.73
2007,10,14,46.22
2007,10,15,33.79
2007,10,16,39.46
2007,10,17,34.79
2007,10,18,31.88
2007,10,19,32.31
2007,10,20,47.9
2007,10,21,49.87
2007,10,22,29.19
2007,10,23,18.61
2007,10,24,21.72
2007,10,25,35.42
2007,10,26,37.73
2007,10,27,57.72
2007,10,28,55.53
2007,10,29,41.95
2007,10,30,25.99
2007,10,31,26.47
2007,11,1,44.61
2007,11,2,48.44
2007,11,3,46.07
2007,11,4,46.94
2007,11,5,29.39
2007,11,6,33.94
2007,11,7,31.28
2007,11,8,29.69
2007,11,9,32.83
2007,11,10,40.45
2007,11,11,51.73
2007,11,12,24.28
2007,11,13,32.49
2007,11,14,20.69
2007,11,15,28.57
2007,11,16,37.12
2007,11,17,46.96
2007,11,18,44.08
2007,11,19,27.32
2007,11,20,26.02
2007,11,21,28.36
2007,11,22,39.4
2007,11,23,61.23
2007,11,24,43.15
2007,11,25,61.49
2007,11,26,38.94
2007,11,27,34.65
2007,11,28,21.5
2007,11,29,53.4
2007,11,30,28.72
2007,12,1,72.67
2007,12,2,66.27
2007,12,3,39.2
2007,12,4,39.0
2007,12,5,36.84
2007,12,6,29.17
2007,12,7,45.76
2007,12,8,83.58
2007,12,9,82.45
2007,12,10,52.29
2007,12,11,34.27
2007,12,12,60.69
2007,12,13,34.47
2007,12,14,47.28
2007,12,15,56.79
2007,12,16,88.84
2007,12,17,43.59
2007,12,18,50.49
2007,12,19,40.47
2007,12,20,51.18
2007,12,21,60.52
2007,12,22,80.35
2007,12,23,88.39
2007,12,24,77.79
2007,12,25,67.71
2007,12,26,64.52
2007,12,27,66.05
2007,12,28,80.81
2007,12,29,110.65
2007,12,30,167.98
2007,12,31,159.58
2008,1,1,39.9
2008,1,2,67.59
2008,1,3,48.84
2008,1,4,31.6
2008,1,5,30.63
2008,1,6,29.99
2008,1,7,19.35
2008,1,8,28.25
2008,1,9,16.73
2008,1,10,18.31
2008,1,11,20.5
2008,1,12,30.39
2008,1,13,33.34
2008,1,14,30.73
2008,1,15,19.26
2008,1,16,19.64
2008,1,17,17.48
2008,1,18,24.8
2008,1,19,29.34
2008,1,20,30.93
2008,1,21,24.2
2008,1,22,21.88
2008,1,23,29.59
2008,1,24,20.33
2008,1,25,36.19
2008,1,26,61.76
2008,1,27,63.05
2008,1,28,17.84
2008,1,29,25.84
2008,1,30,22.22
2008,1,31,31.07
2008,2,1,35.38
2008,2,2,43.33
2008,2,3,33.26
2008,2,4,20.4
2008,2,5,35.71
2008,2,6,27.04
2008,2,7,20.5
2008,2,8,38.69
2008,2,9,23.55
2008,2,10,40.45
2008,2,11,33.53
2008,2,12,17.14
2008,2,13,28.91
2008,2,14,17.34
2008,2,15,35.02
2008,2,16,44.8
2008,2,17,49.65
2008,2,18,25.53
2008,2,19,27.68
2008,2,20,16.48
2008,2,21,33.74
2008,2,22,42.09
2008,2,23,34.76
2008,2,24,39.2
2008,2,25,21.45
2008,2,26,25.01
2008,2,27,35.21
2008,2,28,38.43
2008,2,29,49.37
2008,3,1,49.67
2008,3,2,50.16
2008,3,3,38.32
2008,3,4,32.74
2008,3,5,28.17
2008,3,6,35.79
2008,3,7,25.38
2008,3,8,32.29
2008,3,9,38.85
2008,3,10,37.39
2008,3,11,24.39
2008,3,12,21.34
2008,3,13,20.52
2008,3,14,40.47
2008,3,15,47.04
2008,3,16,57.27
2008,3,17,26.11
2008,3,18,29.22
2008,3,19,22.91
2008,3,20,53.27
2008,3,21,30.6
2008,3,22,43.01
2008,3,23,35.53
2008,3,24,22.63
2008,3,25,43.09
2008,3,26,30.0
2008,3,27,31.06
2008,3,28,42.13
2008,3,29,60.37
2008,3,30,44.24
2008,3,31,60.69
2008,4,1,31.61
2008,4,2,34.08
2008,4,3,36.85
2008,4,4,28.75
2008,4,5,56.41
2008,4,6,52.37
2008,4,7,20.62
2008,4,8,26.14
2008,4,9,27.54
2008,4,10,24.55
2008,4,11,31.53
2008,4,12,41.92
2008,4,13,36.47
2008,4,14,26.12
2008,4,15,34.9
2008,4,16,41.31
2008,4,17,31.18
2008,4,18,40.29
2008,4,19,45.86
2008,4,20,51.78
2008,4,21,27.36
2008,4,22,30.7
2008,4,23,20.9
2008,4,24,28.85
2008,4,25,55.68
2008,4,26,68.13
2008,4,27,58.99
2008,4,28,46.26
2008,4,29,56.99
2008,4,30,58.46
2008,5,1,77.75
2008,5,2,46.72
2008,5,3,73.47
2008,5,4,63.54
2008,5,5,53.09
2008,5,6,44.92
2008,5,7,28.18
2008,5,8,33.64
2008,5,9,34.78
2008,5,10,36.0
2008,5,11,53.93
2008,5,12,31.19
2008,5,13,37.97
2008,5,14,32.87
2008,5,15,35.92
2008,5,16,29.67
2008,5,17,49.57
2008,5,18,51.76
2008,5,19,39.2
2008,5,20,33.99
2008,5,21,38.5
2008,5,22,44.03
2008,5,23,42.56
2008,5,24,64.19
2008,5,25,62.67
2008,5,26,26.13
2008,5,27,34.26
2008,5,28,41.58
2008,5,29,41.53
2008,5,30,38.61
2008,5,31,70.61
2008,6,1,60.94
2008,6,2,31.62
2008,6,3,30.77
2008,6,4,32.78
2008,6,5,35.49
2008,6,6,34.74
2008,6,7,57.32
2008,6,8,62.84
2008,6,9,33.58
2008,6,10,38.1
2008,6,11,34.98
2008,6,12,45.21
2008,6,13,40.59
2008,6,14,76.04
2008,6,15,77.11
2008,6,16,61.69
2008,6,17,39.18
2008,6,18,40.59
2008,6,19,37.11
2008,6,20,41.71
2008,6,21,67.08
2008,6,22,54.39
2008,6,23,29.57
2008,6,24,43.42
2008,6,25,42.8
2008,6,26,43.98
2008,6,27,67.55
2008,6,28,65.5
2008,6,29,69.25
2008,6,30,57.37
2008,7,1,67.38
2008,7,2,72.87
2008,7,3,42.1
2008,7,4,50.7
2008,7,5,85.8
2008,7,6,82.16
2008,7,7,61.47
2008,7,8,84.08
2008,7,9,39.62
2008,7,10,54.43
2008,7,11,51.6
2008,7,12,96.14
2008,7,13,103.1
2008,7,14,44.6
2008,7,15,76.78
2008,7,16,75.44
2008,7,17,62.71
2008,7,18,50.97
2008,7,19,108.61
2008,7,20,75.55
2008,7,21,68.83
2008,7,22,55.79
2008,7,23,60.07
2008,7,24,59.87
2008,7,25,65.39
2008,7,26,97.51
2008,7,27,74.18
2008,7,28,64.27
2008,7,29,68.26
2008,7,30,54.97
2008,7,31,65.38
2008,8,1,70.35
2008,8,2,83.94
2008,8,3,72.36
2008,8,4,55.91
2008,8,5,47.7
2008,8,6,56.83
2008,8,7,56.44
2008,8,8,74.48
2008,8,9,95.01
2008,8,10,109.74
2008,8,11,94.55
2008,8,12,120.0
2008,8,13,113.18
2008,8,14,78.8
2008,8,15,79.92
2008,8,16,74.15
2008,8,17,48.0
2008,8,18,30.77
2008,8,19,47.08
2008,8,20,45.94
2008,8,21,32.34
2008,8,22,35.57
2008,8,23,51.51
2008,8,24,54.8
2008,8,25,38.35
2008,8,26,50.31
2008,8,27,37.12
2008,8,28,27.1
2008,8,29,36.01
2008,8,30,73.69
2008,8,31,57.39
2008,9,1,37.05
2008,9,2,29.45
2008,9,3,34.53
2008,9,4,23.13
2008,9,5,45.84
2008,9,6,57.1
2008,9,7,59.09
2008,9,8,31.03
2008,9,9,31.35
2008,9,10,35.86
2008,9,11,33.39
2008,9,12,42.25
2008,9,13,50.28
2008,9,14,66.85
2008,9,15,46.39
2008,9,16,31.07
2008,9,17,26.94
2008,9,18,31.54
2008,9,19,30.51
2008,9,20,57.57
2008,9,21,48.56
2008,9,22,33.47
2008,9,23,51.21
2008,9,24,24.75
2008,9,25,28.84
2008,9,26,39.65
2008,9,27,64.09
2008,9,28,40.34
2008,9,29,24.01
2008,9,30,23.8
2008,10,1,31.11
2008,10,2,30.26
2008,10,3,35.71
2008,10,4,55.33
2008,10,5,55.81
2008,10,6,29.67
2008,10,7,28.99
2008,10,8,28.64
2008,10,9,25.56
2008,10,10,44.0
2008,10,11,62.83
2008,10,12,47.28
2008,10,13,44.1
2008,10,14,26.55
2008,10,15,30.1
2008,10,16,30.9
2008,10,17,36.73
2008,10,18,43.32
2008,10,19,48.98
2008,10,20,29.1
2008,10,21,27.83
2008,10,22,36.16
2008,10,23,28.45
2008,10,24,37.12
2008,10,25,69.67
2008,10,26,60.99
2008,10,27,33.72
2008,10,28,32.25
2008,10,29,28.96
2008,10,30,29.31
2008,10,31,36.02
2008,11,1,52.43
2008,11,2,48.64
2008,11,3,31.01
2008,11,4,28.67
2008,11,5,32.5
2008,11,6,28.17
2008,11,7,33.78
2008,11,8,40.95
2008,11,9,36.35
2008,11,10,30.2
2008,11,11,27.24
2008,11,12,31.64
2008,11,13,22.81
2008,11,14,19.89
2008,11,15,59.73
2008,11,16,54.97
2008,11,17,20.04
2008,11,18,23.11
2008,11,19,24.05
2008,11,20,39.23
2008,11,21,50.64
2008,11,22,43.17
2008,11,23,57.13
2008,11,24,46.49
2008,11,25,29.7
2008,11,26,50.72
2008,11,27,25.86
2008,11,28,31.62
2008,11,29,62.85
2008,11,30,66.6
2008,12,1,51.69
2008,12,2,52.97
2008,12,3,49.24
2008,12,4,41.56
2008,12,5,64.86
2008,12,6,56.93
2008,12,7,61.16
2008,12,8,32.24
2008,12,9,40.96
2008,12,10,53.31
2008,12,11,40.7
2008,12,12,41.56
2008,12,13,81.85
2008,12,14,69.63
2008,12,15,59.72
2008,12,16,51.76
2008,12,17,53.27
2008,12,18,42.63
2008,12,19,42.89
2008,12,20,96.46
2008,12,21,93.81
2008,12,22,45.81
2008,12,23,62.28
2008,12,24,66.59
2008,12,25,53.33
2008,12,26,61.86
2008,12,27,84.48
2008,12,28,101.67
2008,12,29,99.11
2008,12,30,129.65
2008,12,31,127.04
2009,1,1,40.81
2009,1,2,59.27
2009,1,3,41.48
2009,1,4,24.24
2009,1,5,17.91
2009,1,6,20.59
2009,1,7,21.97
2009,1,8,21.09
2009,1,9,21.31
2009,1,10,39.92
2009,1,11,39.8
2009,1,12,24.11
2009,1,13,22.18
2009,1,14,19.33
2009,1,15,32.59
2009,1,16,17.83
2009,1,17,35.98
2009,1,18,27.93
2009,1,19,13.09
2009,1,20,32.06
2009,1,21,25.07
2009,1,22,39.93
2009,1,23,33.47
2009,1,24,44.93
2009,1,25,35.42
2009,1,26,31.03
2009,1,27,26.26
2009,1,28,18.66
2009,1,29,29.06
2009,1,30,20.79
2009,1,31,46.36
2009,2,1,49.07
2009,2,2,20.43
2009,2,3,17.93
2009,2,4,16.24
2009,2,5,26.48
2009,2,6,27.65
2009,2,7,26.73
2009,2,8,35.22
2009,2,9,25.53
2009,2,10,26.11
2009,2,11,32.93
2009,2,12,32.27
2009,2,13,37.18
2009,2,14,39.93
2009,2,15,36.66
2009,2,16,20.42
2009,2,17,20.71
2009,2,18,22.59
2009,2,19,37.9
2009,2,20,21.1
2009,2,21,44.8
2009,2,22,40.9
2009,2,23,21.75
2009,2,24,17.21
2009,2,25,21.44
2009,2,26,18.39
2009,2,27,28.64
2009,2,28,55.46
2009,3,1,50.57
2009,3,2,31.04
2009,3,3,19.68
2009,3,4,19.68
2009,3,5,27.82
2009,3,6,28.75
2009,3,7,53.5
2009,3,8,46.03
2009,3,9,24.95
2009,3,10,16.94
2009,3,11,33.52
2009,3,12,17.43
2009,3,13,27.02
2009,3,14,48.89
2009,3,15,48.48
2009,3,16,34.94
2009,3,17,30.55
2009,3,18,31.77
2009,3,19,48.07
2009,3,20,51.84
2009,3,21,36.06
2009,3,22,39.82
2009,3,23,30.97
2009,3,24,28.1
2009,3,25,26.45
2009,3,26,25.3
2009,3,27,34.09
2009,3,28,41.71
2009,3,29,37.07
2009,3,30,29.02
2009,3,31,25.31
2009,4,1,21.05
2009,4,2,37.09
2009,4,3,31.07
2009,4,4,38.41
2009,4,5,45.98
2009,4,6,18.7
2009,4,7,27.09
2009,4,8,30.35
2009,4,9,20.94
2009,4,10,35.62
2009,4,11,56.45
2009,4,12,50.26
2009,4,13,23.39
2009,4,14,16.08
2009,4,15,32.32
2009,4,16,32.07
2009,4,17,26.54
2009,4,18,61.55
2009,4,19,45.37
2009,4,20,25.44
2009,4,21,21.76
2009,4,22,38.92
2009,4,23,31.84
2009,4,24,28.89
2009,4,25,50.13
2009,4,26,55.25
2009,4,27,37.01
2009,4,28,53.19
2009,4,29,41.7
2009,4,30,34.16
2009,5,1,52.47
2009,5,2,61.17
2009,5,3,74.4
2009,5,4,52.76
2009,5,5,49.93
2009,5,6,49.28
2009,5,7,25.77
2009,5,8,20.06
2009,5,9,43.46
2009,5,10,37.59
2009,5,11,13.86
2009,5,12,26.37
2009,5,13,28.34
2009,5,14,31.09
2009,5,15,27.6
2009,5,16,48.54
2009,5,17,40.32
2009,5,18,28.43
2009,5,19,25.62
2009,5,20,32.06
2009,5,21,22.99
2009,5,22,32.06
2009,5,23,48.02
2009,5,24,53.06
2009,5,25,33.13
2009,5,26,41.55
2009,5,27,27.48
2009,5,28,32.51
2009,5,29,36.02
2009,5,30,58.6
2009,5,31,52.53
2009,6,1,36.25
2009,6,2,31.55
2009,6,3,43.6
2009,6,4,31.28
2009,6,5,32.48
2009,6,6,50.96
2009,6,7,49.3
2009,6,8,32.97
2009,6,9,31.76
2009,6,10,27.4
2009,6,11,27.19
2009,6,12,37.69
2009,6,13,44.2
2009,6,14,48.24
2009,6,15,33.52
2009,6,16,32.16
2009,6,17,41.75
2009,6,18,36.96
2009,6,19,46.26
2009,6,20,79.49
2009,6,21,56.92
2009,6,22,23.61
2009,6,23,46.62
2009,6,24,33.72
2009,6,25,41.33
2009,6,26,63.32
2009,6,27,69.92
2009,6,28,62.08
2009,6,29,40.87
2009,6,30,54.22
2009,7,1,66.55
2009,7,2,42.62
2009,7,3,47.02
2009,7,4,91.35
2009,7,5,86.97
2009,7,6,37.56
2009,7,7,46.48
2009,7,8,51.33
2009,7,9,67.13
2009,7,10,50.27
2009,7,11,83.17
2009,7,12,82.71
2009,7,13,54.38
2009,7,14,37.25
2009,7,15,37.17
2009,7,16,45.6
2009,7,17,54.62
2009,7,18,63.88
2009,7,19,79.77
2009,7,20,61.29
2009,7,21,46.22
2009,7,22,38.42
2009,7,23,48.29
2009,7,24,50.06
2009,7,25,87.84
2009,7,26,72.79
2009,7,27,26.61
2009,7,28,55.44
2009,7,29,44.47
2009,7,30,41.26
2009,7,31,55.62
2009,8,1,86.42
2009,8,2,73.08
2009,8,3,46.59
2009,8,4,36.62
2009,8,5,59.72
2009,8,6,47.64
2009,8,7,54.06
2009,8,8,106.44
2009,8,9,85.6
2009,8,10,44.89
2009,8,11,59.88
2009,8,12,76.41
2009,8,13,109.1
2009,8,14,106.89
2009,8,15,76.66
2009,8,16,55.04
2009,8,17,36.46
2009,8,18,23.41
2009,8,19,31.89
2009,8,20,30.43
2009,8,21,33.59
2009,8,22,45.33
2009,8,23,52.46
2009,8,24,38.08
2009,8,25,42.78
2009,8,26,33.11
2009,8,27,21.85
2009,8,28,31.91
2009,8,29,45.97
2009,8,30,42.66
2009,8,31,25.95
2009,9,1,37.52
2009,9,2,30.53
2009,9,3,28.85
2009,9,4,35.3
2009,9,5,54.9
2009,9,6,54.74
2009,9,7,33.74
2009,9,8,21.7
2009,9,9,22.37
2009,9,10,23.69
2009,9,11,30.13
2009,9,12,36.05
2009,9,13,39.1
2009,9,14,16.69
2009,9,15,25.26
2009,9,16,31.09
2009,9,17,28.59
2009,9,18,33.41
2009,9,19,49.82
2009,9,20,60.37
2009,9,21,44.89
2009,9,22,42.84
2009,9,23,27.01
2009,9,24,25.62
2009,9,25,38.12
2009,9,26,46.05
2009,9,27,58.69
2009,9,28,18.09
2009,9,29,22.43
2009,9,30,29.59
2009,10,1,28.37
2009,10,2,24.34
2009,10,3,40.37
2009,10,4,36.84
2009,10,5,25.1
2009,10,6,19.8
2009,10,7,28.69
2009,10,8,15.31
2009,10,9,41.82
2009,10,10,45.65
2009,10,11,57.58
2009,10,12,31.01
2009,10,13,19.14
2009,10,14,21.62
2009,10,15,27.06
2009,10,16,33.4
2009,10,17,34.23
2009,10,18,43.5
2009,10,19,29.79
2009,10,20,40.2
2009,10,21,27.12
2009,10,22,18.47
2009,10,23,33.8
2009,10,24,47.65
2009,10,25,50.7
2009,10,26,28.35
2009,10,27,20.36
2009,10,28,24.47
2009,10,29,19.61
2009,10,30,36.98
2009,10,31,50.3
2009,11,1,44.3
2009,11,2,42.87
2009,11,3,28.4
2009,11,4,19.94
2009,11,5,26.21
2009,11,6,35.95
2009,11,7,44.31
2009,11,8,43.57
2009,11,9,24.88
2009,11,10,24.2
2009,11,11,19.02
2009,11,12,16.46
2009,11,13,26.85
2009,11,14,44.79
2009,11,15,33.88
2009,11,16,30.2
2009,11,17,23.78
2009,11,18,31.67
2009,11,19,21.26
2009,11,20,29.16
2009,11,21,45.35
2009,11,22,44.99
2009,11,23,36.28
2009,11,24,30.47
2009,11,25,42.33
2009,11,26,30.66
2009,11,27,30.56
2009,11,28,57.95
2009,11,29,42.47
2009,11,30,20.31
2009,12,1,35.74
2009,12,2,38.12
2009,12,3,23.2
2009,12,4,34.25
2009,12,5,38.69
2009,12,6,81.59
2009,12,7,31.07
2009,12,8,26.69
2009,12,9,33.56
2009,12,10,49.82
2009,12,11,35.89
2009,12,12,60.15
2009,12,13,52.99
2009,12,14,39.39
2009,12,15,37.93
2009,12,16,51.17
2009,12,17,35.1
2009,12,18,40.21
2009,12,19,72.38
2009,12,20,75.59
2009,12,21,44.58
2009,12,22,30.92
2009,12,23,70.07
2009,12,24,59.0
2009,12,25,45.17
2009,12,26,66.98
2009,12,27,94.59
2009,12,28,50.93
2009,12,29,86.21
2009,12,30,128.56
2009,12,31,129.55
2010,1,1,30.67
2010,1,2,46.46
2010,1,3,30.6
2010,1,4,23.27
2010,1,5,22.91
2010,1,6,15.43
2010,1,7,13.36
2010,1,8,11.31
2010,1,9,28.95
2010,1,10,26.54
2010,1,11,18.23
2010,1,12,15.89
2010,1,13,14.88
2010,1,14,19.15
2010,1,15,20.42
2010,1,16,28.34
2010,1,17,37.61
2010,1,18,23.07
2010,1,19,20.42
2010,1,20,19.59
2010,1,21,21.94
2010,1,22,21.12
2010,1,23,35.59
2010,1,24,31.07
2010,1,25,24.26
2010,1,26,21
2010,1,27,28.2
2010,1,28,26.71
2010,1,29,26.32
2010,1,30,35.38
2010,1,31,41.27
2010,2,1,22.67
2010,2,2,21.72
2010,2,3,20.02
2010,2,4,17.26
2010,2,5,19.56
2010,2,6,34.08
2010,2,7,36.47
2010,2,8,16.79
2010,2,9,15.78
2010,2,10,18.09
2010,2,11,42.34
2010,2,12,23.11
2010,2,13,28.22
2010,2,14,29.64
2010,2,15,14.77
2010,2,16,24.62
2010,2,17,32.97
2010,2,18,20.96
2010,2,19,16.94
2010,2,20,38.7
2010,2,21,40.86
2010,2,22,28.0
2010,2,23,19.59
2010,2,24,23.71
2010,2,25,27.37
2010,2,26,21.96
2010,2,27,51.47
2010,2,28,42.41
2010,3,1,26.9
2010,3,2,23.12
2010,3,3,22.98
2010,3,4,19.47
2010,3,5,25.14
2010,3,6,34.95
2010,3,7,39.16
2010,3,8,19.7
2010,3,9,16.17
2010,3,10,25.05
2010,3,11,31.03
2010,3,12,26.64
2010,3,13,47.1
2010,3,14,40.15
2010,3,15,18.35
2010,3,16,27.65
2010,3,17,13.99
2010,3,18,22.6
2010,3,19,31.66
2010,3,20,52.5
2010,3,21,43.67
2010,3,22,36.08
2010,3,23,17.0
2010,3,24,19.23
2010,3,25,26.25
2010,3,26,24.36
2010,3,27,49.92
2010,3,28,46.14
2010,3,29,23.68
2010,3,30,28.59
2010,3,31,28.11
2010,4,1,25.99
2010,4,2,41.22
2010,4,3,35.41
2010,4,4,40.26
2010,4,5,30.18
2010,4,6,19.52
2010,4,7,24.25
2010,4,8,30.07
2010,4,9,19.77
2010,4,10,47.48
2010,4,11,34.71
2010,4,12,16.19
2010,4,13,23.14
2010,4,14,35.18
2010,4,15,35.87
2010,4,16,27.71
2010,4,17,34.44
2010,4,18,49.01
2010,4,19,24.89
2010,4,20,27.83
2010,4,21,21.04
2010,4,22,16.48
2010,4,23,35.07
2010,4,24,48.13
2010,4,25,51.77
2010,4,26,33.92
2010,4,27,25.48
2010,4,28,36.34
2010,4,29,43.79
2010,4,30,54.8
2010,5,1,61.58
2010,5,2,61.9
2010,5,3,55.37
2010,5,4,44.24
2010,5,5,38.67
2010,5,6,25.94
2010,5,7,31.54
2010,5,8,40.99
2010,5,9,45.49
2010,5,10,21.38
2010,5,11,14.17
2010,5,12,22.61
2010,5,13,22.75
2010,5,14,27.98
2010,5,15,30.88
2010,5,16,39.38
2010,5,17,24.79
2010,5,18,28.41
2010,5,19,21.34
2010,5,20,24.27
2010,5,21,30.9
2010,5,22,41.12
2010,5,23,36.82
2010,5,24,26.64
2010,5,25,31.71
2010,5,26,32.09
2010,5,27,25.13
2010,5,28,45.52
2010,5,29,43.41
2010,5,30,52.45
2010,5,31,22.11
2010,6,1,25.25
2010,6,2,31.72
2010,6,3,28.03
2010,6,4,24.69
2010,6,5,40.79
2010,6,6,57.77
2010,6,7,20.69
2010,6,8,25.79
2010,6,9,31.86
2010,6,10,33.99
2010,6,11,38.55
2010,6,12,52.26
2010,6,13,51.01
2010,6,14,36.43
2010,6,15,37.06
2010,6,16,41.61
2010,6,17,40.3
2010,6,18,66.29
2010,6,19,70.67
2010,6,20,85.51
2010,6,21,25.39
2010,6,22,45.15
2010,6,23,24.15
2010,6,24,43.77
2010,6,25,38.49
2010,6,26,83.19
2010,6,27,61.87
2010,6,28,41.98
2010,6,29,41.12
2010,6,30,54.4
2010,7,1,51.34
2010,7,2,53.61
2010,7,3,73.97
2010,7,4,94.04
2010,7,5,48.56
2010,7,6,52.84
2010,7,7,41.56
2010,7,8,30.12
2010,7,9,36.39
2010,7,10,79.78
2010,7,11,59.77
2010,7,12,53.45
2010,7,13,28.89
2010,7,14,36.25
2010,7,15,44.37
2010,7,16,63.12
2010,7,17,71.79
2010,7,18,77.47
2010,7,19,57.6
2010,7,20,56.36
2010,7,21,33.96
2010,7,22,42.74
2010,7,23,54.4
2010,7,24,76.28
2010,7,25,90.89
2010,7,26,45.31
2010,7,27,44.58
2010,7,28,47.15
2010,7,29,40.03
2010,7,30,59.63
2010,7,31,85.0
2010,8,1,109.96
2010,8,2,49.64
2010,8,3,47.63
2010,8,4,52.36
2010,8,5,43.11
2010,8,6,54.82
2010,8,7,81.48
2010,8,8,108.22
2010,8,9,62.63
2010,8,10,63.81
2010,8,11,77.1
2010,8,12,118.4
2010,8,13,97.97
2010,8,14,90.63
2010,8,15,60.98
2010,8,16,47.94
2010,8,17,27.0
2010,8,18,38.71
2010,8,19,37.93
2010,8,20,39.37
2010,8,21,56.57
2010,8,22,48.26
2010,8,23,34.35
2010,8,24,31.86
2010,8,25,34.61
2010,8,26,47.53
2010,8,27,31.8
2010,8,28,66.84
2010,8,29,63.12
2010,8,30,31.03
2010,8,31,32.0
2010,9,1,37.02
2010,9,2,37.67
2010,9,3,39.03
2010,9,4,48.71
2010,9,5,64.42
2010,9,6,28.76
2010,9,7,23.67
2010,9,8,27.19
2010,9,9,36.95
2010,9,10,35.85
2010,9,11,41.04
2010,9,12,47.45
2010,9,13,26.89
2010,9,14,25.05
2010,9,15,28.55
2010,9,16,32.04
2010,9,17,37.24
2010,9,18,59.89
2010,9,19,48.68
2010,9,20,35.04
2010,9,21,31.63
2010,9,22,34.45
2010,9,23,29.0
2010,9,24,39.44
2010,9,25,44.61
2010,9,26,56.82
2010,9,27,25.91
2010,9,28,27.17
2010,9,29,27.63
2010,9,30,22.68
2010,10,1,40.55
2010,10,2,50.42
2010,10,3,43.29
2010,10,4,23.1
2010,10,5,31.82
2010,10,6,30.43
2010,10,7,22.94
2010,10,8,32.06
2010,10,9,46.32
2010,10,10,62.17
2010,10,11,33.93
2010,10,12,30.21
2010,10,13,22.47
2010,10,14,29.91
2010,10,15,26.09
2010,10,16,41.18
2010,10,17,46.17
2010,10,18,24.41
2010,10,19,26.69
2010,10,20,30.13
2010,10,21,22.96
2010,10,22,27.65
2010,10,23,38.25
2010,10,24,38.46
2010,10,25,29.23
2010,10,26,19.38
2010,10,27,16.79
2010,10,28,24.94
2010,10,29,36.5
2010,10,30,46.83
2010,10,31,44.77
2010,11,1,23.36
2010,11,2,28.34
2010,11,3,33.78
2010,11,4,27.91
2010,11,5,19.85
2010,11,6,42.02
2010,11,7,38.73
2010,11,8,23.19
2010,11,9,14.38
2010,11,10,18.85
2010,11,11,25.87
2010,11,12,25.42
2010,11,13,42.59
2010,11,14,42.04
2010,11,15,28.01
2010,11,16,23.64
2010,11,17,21.43
2010,11,18,15.23
2010,11,19,29.33
2010,11,20,73.69
2010,11,21,34.08
2010,11,22,21.86
2010,11,23,21.73
2010,11,24,23.09
2010,11,25,34.67
2010,11,26,46.31
2010,11,27,41.23
2010,11,28,42.15
2010,11,29,21.01
2010,11,30,29.33
2010,12,1,33.25
2010,12,2,36.61
2010,12,3,39.61
2010,12,4,42.48
2010,12,5,49.85
2010,12,6,35.85
2010,12,7,41.28
2010,12,8,27.65
2010,12,9,39.29
2010,12,10,33.77
2010,12,11,63.47
2010,12,12,45.87
2010,12,13,30.56
2010,12,14,28.01
2010,12,15,34.69
2010,12,16,40.93
2010,12,17,45.39
2010,12,18,55.49
2010,12,19,58.95
2010,12,20,44.14
2010,12,21,53.95
2010,12,22,33.39
2010,12,23,72.95
2010,12,24,64.69
2010,12,25,74.33
2010,12,26,77.29
2010,12,27,50.43
2010,12,28,54.11
2010,12,29,94.76
2010,12,30,142.17
2010,12,31,157.77
2011,1,1,34.59
2011,1,2,45.53
2011,1,3,34.02
2011,1,4,20.53
2011,1,5,14.72
2011,1,6,15.9
2011,1,7,19.77
2011,1,8,17.24
2011,1,9,31.81
2011,1,10,20.57
2011,1,11,9.75
2011,1,12,13.34
2011,1,13,23.3
2011,1,14,11.83
2011,1,15,26.18
2011,1,16,33.3
2011,1,17,14.07
2011,1,18,11.97
2011,1,19,14.65
2011,1,20,16.85
2011,1,21,25.4
2011,1,22,43.46
2011,1,23,30.04
2011,1,24,13.54
2011,1,25,20.33
2011,1,26,18.76
2011,1,27,15.96
2011,1,28,24.0
2011,1,29,39.19
2011,1,30,34.58
2011,1,31,14.68
2011,2,1,25.3
2011,2,2,15.45
2011,2,3,25.19
2011,2,4,19.76
2011,2,5,31.32
2011,2,6,37.77
2011,2,7,18.79
2011,2,8,14.04
2011,2,9,16.61
2011,2,10,18.82
2011,2,11,31.01
2011,2,12,36.18
2011,2,13,31.3
2011,2,14,13.0
2011,2,15,15.57
2011,2,16,16.74
2011,2,17,15.34
2011,2,18,25.5
2011,2,19,27.46
2011,2,20,31.6
2011,2,21,16.98
2011,2,22,16.63
2011,2,23,18.6
2011,2,24,23.5
2011,2,25,36.31
2011,2,26,34.87
2011,2,27,39.39
2011,2,28,13.86
2011,3,1,26.77
2011,3,2,33.94
2011,3,3,17.53
2011,3,4,18.8
2011,3,5,44.35
2011,3,6,46.29
2011,3,7,21.92
2011,3,8,13.44
2011,3,9,20.42
2011,3,10,16.69
2011,3,11,21.02
2011,3,12,31.61
2011,3,13,33.9
2011,3,14,21.56
2011,3,15,14.82
2011,3,16,21.94
2011,3,17,21.72
2011,3,18,31.18
2011,3,19,34.21
2011,3,20,38.4
2011,3,21,28.49
2011,3,22,18.54
2011,3,23,21.57
2011,3,24,22.0
2011,3,25,26.1
2011,3,26,37.49
2011,3,27,33.12
2011,3,28,20.41
2011,3,29,20.47
2011,3,30,18.47
2011,3,31,21.75
2011,4,1,31.08
2011,4,2,34.49
2011,4,3,31.74
2011,4,4,21.69
2011,4,5,23.24
2011,4,6,24.12
2011,4,7,25.93
2011,4,8,24.8
2011,4,9,36.84
2011,4,10,47.72
2011,4,11,20.99
2011,4,12,17.94
2011,4,13,24.54
2011,4,14,26.92
2011,4,15,23.65
2011,4,16,40.06
2011,4,17,40.3
2011,4,18,21.54
2011,4,19,19.28
2011,4,20,32.91
2011,4,21,37.12
2011,4,22,23.47
2011,4,23,44.88
2011,4,24,49.98
2011,4,25,28.59
2011,4,26,25.27
2011,4,27,27.68
2011,4,28,27.68
2011,4,29,52.85
2011,4,30,47.1
2011,5,1,49.85
2011,5,2,40.83
2011,5,3,48.42
2011,5,4,45.03
2011,5,5,32.2
2011,5,6,30.94
2011,5,7,39.98
2011,5,8,34.82
2011,5,9,20.48
2011,5,10,24.36
2011,5,11,12.89
2011,5,12,15.98
2011,5,13,28.42
2011,5,14,34.1
2011,5,15,42.86
2011,5,16,23.26
2011,5,17,16.01
2011,5,18,36.27
2011,5,19,25.61
2011,5,20,37.48
2011,5,21,41.26
2011,5,22,41.26
2011,5,23,17.54
2011,5,24,24.09
2011,5,25,28.72
2011,5,26,30.87
2011,5,27,37.09
2011,5,28,26.87
2011,5,29,35.47
2011,5,30,20.44
2011,5,31,29.57
2011,6,1,26
2011,6,2,30.03
2011,6,3,33.26
2011,6,4,51.75
2011,6,5,42.58
2011,6,6,31.93
2011,6,7,33.09
2011,6,8,28.71
2011,6,9,24.95
2011,6,10,29.51
2011,6,11,50.44
2011,6,12,46.99
2011,6,13,20.47
2011,6,14,21.17
2011,6,15,27.13
2011,6,16,32.7
2011,6,17,34.53
2011,6,18,44.7
2011,6,19,76.12
2011,6,20,27.91
2011,6,21,32.46
2011,6,22,29.51
2011,6,23,36.75
2011,6,24,49.09
2011,6,25,76.45
2011,6,26,40.93
2011,6,27,43.7
2011,6,28,30.21
2011,6,29,35.5
2011,6,30,41.59
2011,7,1,54.01
2011,7,2,65.69
2011,7,3,55.54
2011,7,4,37.36
2011,7,5,51.4
2011,7,6,33.28
2011,7,7,58.65
2011,7,8,53.72
2011,7,9,57.38
2011,7,10,69.13
2011,7,11,65.51
2011,7,12,49.68
2011,7,13,38.58
2011,7,14,53.63
2011,7,15,36.57
2011,7,16,91.16
2011,7,17,65.58
2011,7,18,53.39
2011,7,19,27.9
2011,7,20,28.73
2011,7,21,37.14
2011,7,22,37.32
2011,7,23,60.49
2011,7,24,59.05
2011,7,25,41.71
2011,7,26,33.39
2011,7,27,42.26
2011,7,28,34.53
2011,7,29,48.87
2011,7,30,83.96
2011,7,31,78.2
2011,8,1,61.74
2011,8,2,44.19
2011,8,3,38.3
2011,8,4,66.01
2011,8,5,59.59
2011,8,6,67.25
2011,8,7,97.42
2011,8,8,48.28
2011,8,9,58.78
2011,8,10,70.46
2011,8,11,53.18
2011,8,12,94.7
2011,8,13,114.88
2011,8,14,90.01
2011,8,15,62.16
2011,8,16,44.19
2011,8,17,26.92
2011,8,18,31.62
2011,8,19,30.12
2011,8,20,43.09
2011,8,21,33.83
2011,8,22,20.79
2011,8,23,21.04
2011,8,24,42.23
2011,8,25,28.42
2011,8,26,44.03
2011,8,27,58.84
2011,8,28,46.03
2011,8,29,29.74
2011,8,30,22.55
2011,8,31,30.86
2011,9,1,32.92
2011,9,2,40.71
2011,9,3,38.07
2011,9,4,29.19
2011,9,5,24.51
2011,9,6,28.39
2011,9,7,29.04
2011,9,8,25.14
2011,9,9,37.75
2011,9,10,41.08
2011,9,11,50.67
2011,9,12,35.74
2011,9,13,23.95
2011,9,14,25.98
2011,9,15,36.15
2011,9,16,34.32
2011,9,17,39.06
2011,9,18,43.07
2011,9,19,34.98
2011,9,20,27.42
2011,9,21,17.1
2011,9,22,33.11
2011,9,23,54.28
2011,9,24,45.43
2011,9,25,32.1
2011,9,26,25.08
2011,9,27,32.93
2011,9,28,30.95
2011,9,29,20.25
2011,9,30,25.65
2011,10,1,39.81
2011,10,2,54.76
2011,10,3,20.01
2011,10,4,14.39
2011,10,5,29.34
2011,10,6,19.79
2011,10,7,16.38
2011,10,8,33.23
2011,10,9,36.59
2011,10,10,32.64
2011,10,11,25.17
2011,10,12,19.87
2011,10,13,24.17
2011,10,14,24.66
2011,10,15,38.78
2011,10,16,40.41
2011,10,17,21.93
2011,10,18,19.08
2011,10,19,19.94
2011,10,20,20.87
2011,10,21,30.48
2011,10,22,32.78
2011,10,23,46.82
2011,10,24,20.62
2011,10,25,28.87
2011,10,26,15.15
2011,10,27,26.88
2011,10,28,29.26
2011,10,29,34.76
2011,10,30,35.92
2011,10,31,19.23
2011,11,1,22.06
2011,11,2,28.74
2011,11,3,44.84
2011,11,4,24.86
2011,11,5,32.28
2011,11,6,27.11
2011,11,7,20.97
2011,11,8,22.15
2011,11,9,21.43
2011,11,10,22.17
2011,11,11,24.25
2011,11,12,37.08
2011,11,13,39.26
2011,11,14,24.11
2011,11,15,28.74
2011,11,16,32.72
2011,11,17,33.82
2011,11,18,32.02
2011,11,19,33.91
2011,11,20,33.73
2011,11,21,25.54
2011,11,22,25.7
2011,11,23,28.92
2011,11,24,16.17
2011,11,25,32.66
2011,11,26,41.9
2011,11,27,48.56
2011,11,28,20.04
2011,11,29,31.9
2011,11,30,43.7
2011,12,1,39.79
2011,12,2,28.28
2011,12,3,37.39
2011,12,4,54.28
2011,12,5,31.69
2011,12,6,23.63
2011,12,7,27.14
2011,12,8,23.18
2011,12,9,46.26
2011,12,10,68.35
2011,12,11,53.43
2011,12,12,36.28
2011,12,13,39.7
2011,12,14,27.23
2011,12,15,42.62
2011,12,16,43.45
2011,12,17,60.13
2011,12,18,57.4
2011,12,19,28.97
2011,12,20,47.58
2011,12,21,42.46
2011,12,22,46.33
2011,12,23,59.71
2011,12,24,64.03
2011,12,25,66.0
2011,12,26,29.99
2011,12,27,61.88
2011,12,28,70.47
2011,12,29,91.26
2011,12,30,122.18
2011,12,31,120.82
2012,1,1,27.34
2012,1,2,50.5
2012,1,3,21.2
2012,1,4,15.77
2012,1,5,15.81
2012,1,6,15.66
2012,1,7,20.9
2012,1,8,26.96
2012,1,9,17.6
2012,1,10,22.5
2012,1,11,9.28
2012,1,12,10.85
2012,1,13,26.46
2012,1,14,16.63
2012,1,15,31.1
2012,1,16,13.27
2012,1,17,17.83
2012,1,18,7.54
2012,1,19,11.14
2012,1,20,30.55
2012,1,21,21.74
2012,1,22,32.54
2012,1,23,17.79
2012,1,24,17.7
2012,1,25,31.82
2012,1,26,15.07
2012,1,27,23.07
2012,1,28,38
2012,1,29,37.52
2012,1,30,16.66
2012,1,31,17.79
2012,2,1,24.4
2012,2,2,15.69
2012,2,3,26.73
2012,2,4,26.81
2012,2,5,40.85
2012,2,6,13.85
2012,2,7,15.95
2012,2,8,7.72
2012,2,9,20.56
2012,2,10,18.62
2012,2,11,28.6
2012,2,12,32.11
2012,2,13,20.85
2012,2,14,20.08
2012,2,15,11.06
2012,2,16,11.69
2012,2,17,27.58
2012,2,18,26.83
2012,2,19,33.64
2012,2,20,15.15
2012,2,21,20.73
2012,2,22,26.92
2012,2,23,13.13
2012,2,24,24.47
2012,2,25,48.96
2012,2,26,40.15
2012,2,27,20.14
2012,2,28,18.86
2012,2,29,22.86
2012,3,1,26.41
2012,3,2,19.95
2012,3,3,38.22
2012,3,4,33.08
2012,3,5,14.47
2012,3,6,16.97
2012,3,7,19.56
2012,3,8,19.21
2012,3,9,26.21
2012,3,10,39.4
2012,3,11,29.47
2012,3,12,18.99
2012,3,13,19.67
2012,3,14,13.89
2012,3,15,25.08
2012,3,16,22.5
2012,3,17,25.39
2012,3,18,30.55
2012,3,19,29.1
2012,3,20,31.87
2012,3,21,14.87
2012,3,22,21.17
2012,3,23,19.56
2012,3,24,33.64
2012,3,25,44.78
2012,3,26,16.9
2012,3,27,19.62
2012,3,28,17.43
2012,3,29,18.51
2012,3,30,32.62
2012,3,31,32.13
2012,4,1,40.87
2012,4,2,16.86
2012,4,3,29.06
2012,4,4,19.59
2012,4,5,18.94
2012,4,6,28.38
2012,4,7,33.6
2012,4,8,46.14
2012,4,9,15.64
2012,4,10,19.34
2012,4,11,26.43
2012,4,12,25.44
2012,4,13,29.55
2012,4,14,42.92
2012,4,15,37.53
2012,4,16,23.16
2012,4,17,24.87
2012,4,18,19.56
2012,4,19,23.86
2012,4,20,29.72
2012,4,21,30.42
2012,4,22,32.6
2012,4,23,15.12
2012,4,24,26.14
2012,4,25,28.42
2012,4,26,21.22
2012,4,27,30.11
2012,4,28,51.36
2012,4,29,52.99
2012,4,30,41.36
2012,5,1,51.66
2012,5,2,28.87
2012,5,3,54.23
2012,5,4,36.94
2012,5,5,41.22
2012,5,6,38.09
2012,5,7,15.37
2012,5,8,18.94
2012,5,9,15.9
2012,5,10,22.14
2012,5,11,16.93
2012,5,12,41.71
2012,5,13,40.08
2012,5,14,13.72
2012,5,15,17.05
2012,5,16,21.52
2012,5,17,20.79
2012,5,18,35.5
2012,5,19,38.2
2012,5,20,41.91
2012,5,21,24.05
2012,5,22,21.88
2012,5,23,28.38
2012,5,24,17.91
2012,5,25,24.13
2012,5,26,41.62
2012,5,27,36.47
2012,5,28,18.84
2012,5,29,23.58
2012,5,30,19.16
2012,5,31,23.39
2012,6,1,34.72
2012,6,2,35.36
2012,6,3,41.75
2012,6,4,18.62
2012,6,5,31.89
2012,6,6,24.01
2012,6,7,25.44
2012,6,8,29.44
2012,6,9,43.93
2012,6,10,49.0
2012,6,11,28.17
2012,6,12,22.32
2012,6,13,26.68
2012,6,14,28.19
2012,6,15,31.85
2012,6,16,49.73
2012,6,17,81.24
2012,6,18,21.2
2012,6,19,21.51
2012,6,20,36.04
2012,6,21,21.03
2012,6,22,44.2
2012,6,23,57.38
2012,6,24,44.59
2012,6,25,21.21
2012,6,26,34.57
2012,6,27,18.91
2012,6,28,45.09
2012,6,29,38.24
2012,6,30,58.37
2012,7,1,61.46
2012,7,2,36.77
2012,7,3,34.13
2012,7,4,40.45
2012,7,5,38.9
2012,7,6,32.68
2012,7,7,49.14
2012,7,8,65.82
2012,7,9,26.48
2012,7,10,50.58
2012,7,11,48.32
2012,7,12,30.69
2012,7,13,26.8
2012,7,14,45.87
2012,7,15,75.24
2012,7,16,65.41
2012,7,17,30.83
2012,7,18,32.04
2012,7,19,30.3
2012,7,20,31.34
2012,7,21,59.71
2012,7,22,73.71
2012,7,23,34.82
2012,7,24,28.22
2012,7,25,50.71
2012,7,26,66.44
2012,7,27,50.81
2012,7,28,60.58
2012,7,29,71.62
2012,7,30,31.21
2012,7,31,37.18
2012,8,1,41.42
2012,8,2,37.36
2012,8,3,60.28
2012,8,4,86.77
2012,8,5,74.61
2012,8,6,47.49
2012,8,7,39.2
2012,8,8,57.12
2012,8,9,54.32
2012,8,10,60.26
2012,8,11,125.55
2012,8,12,111.3
2012,8,13,83.83
2012,8,14,82.13
2012,8,15,57.34
2012,8,16,38.8
2012,8,17,27.53
2012,8,18,49.3
2012,8,19,44.85
2012,8,20,24.42
2012,8,21,24.16
2012,8,22,35.01
2012,8,23,27.78
2012,8,24,33.83
2012,8,25,45.28
2012,8,26,61.6
2012,8,27,30.73
2012,8,28,36.16
2012,8,29,19.35
2012,8,30,35.71
2012,8,31,21.66
2012,9,1,41.78
2012,9,2,38.01
2012,9,3,15.32
2012,9,4,31.57
2012,9,5,18.41
2012,9,6,21.92
2012,9,7,21.3
2012,9,8,39.91
2012,9,9,39.55
2012,9,10,23.64
2012,9,11,23.88
2012,9,12,19.23
2012,9,13,22.17
2012,9,14,29.42
2012,9,15,45.59
2012,9,16,45.01
2012,9,17,30.49
2012,9,18,21.74
2012,9,19,20.1
2012,9,20,24.74
2012,9,21,36.37
2012,9,22,43.94
2012,9,23,32.43
2012,9,24,18.7
2012,9,25,20.05
2012,9,26,24.71
2012,9,27,29.17
2012,9,28,35.06
2012,9,29,36.45
2012,9,30,37.1
2012,10,1,22.15
2012,10,2,21.61
2012,10,3,19.08
2012,10,4,14.71
2012,10,5,32.33
2012,10,6,36.51
2012,10,7,38.85
2012,10,8,22.51
2012,10,9,22.06
2012,10,10,34.57
2012,10,11,15.7
2012,10,12,21.38
2012,10,13,26.29
2012,10,14,35.5
2012,10,15,17.26
2012,10,16,28.48
2012,10,17,18.87
2012,10,18,17.09
2012,10,19,23.58
2012,10,20,34.6
2012,10,21,29.59
2012,10,22,19.18
2012,10,23,19.3
2012,10,24,20.28
2012,10,25,20.96
2012,10,26,30.24
2012,10,27,35.83
2012,10,28,24.55
2012,10,29,22.41
2012,10,30,16.22
2012,10,31,12.32
2012,11,1,16.22
2012,11,2,27.64
2012,11,3,29.21
2012,11,4,30.06
2012,11,5,27.79
2012,11,6,12.89
2012,11,7,20.42
2012,11,8,16.57
2012,11,9,29.24
2012,11,10,26.32
2012,11,11,32.68
2012,11,12,14.17
2012,11,13,22.04
2012,11,14,18.81
2012,11,15,19.81
2012,11,16,40.05
2012,11,17,29.18
2012,11,18,26.91
2012,11,19,16.3
2012,11,20,21.95
2012,11,21,23.67
2012,11,22,22.62
2012,11,23,50.75
2012,11,24,32.58
2012,11,25,36.92
2012,11,26,21.75
2012,11,27,15.83
2012,11,28,16.21
2012,11,29,27.78
2012,11,30,26.71
2012,12,1,46.58
2012,12,2,50.94
2012,12,3,30.95
2012,12,4,29.8
2012,12,5,38.87
2012,12,6,27.02
2012,12,7,30.06
2012,12,8,60.6
2012,12,9,43.2
2012,12,10,32.39
2012,12,11,30.88
2012,12,12,33.66
2012,12,13,37.78
2012,12,14,26.08
2012,12,15,54.89
2012,12,16,63.16
2012,12,17,42.18
2012,12,18,38.17
2012,12,19,33.25
2012,12,20,31.14
2012,12,21,44.94
2012,12,22,57.48
2012,12,23,62.86
2012,12,24,59.21
2012,12,25,46.17
2012,12,26,46.14
2012,12,27,45.97
2012,12,28,60.36
2012,12,29,98.4
2012,12,30,112.87
2012,12,31,116.76
2013,1,1,41.47
2013,1,2,46.53
2013,1,3,30.27
2013,1,4,57.82
2013,1,5,22.91
2013,1,6,25.77
2013,1,7,15.77
2013,1,8,13.45
2013,1,9,15.85
2013,1,10,11.65
2013,1,11,17.44
2013,1,12,36.49
2013,1,13,25.42
2013,1,14,16.31
2013,1,15,15.93
2013,1,16,24.48
2013,1,17,18.03
2013,1,18,15.62
2013,1,19,28.82
2013,1,20,30.0
2013,1,21,26.32
2013,1,22,18.91
2013,1,23,19.7
2013,1,24,20.6
2013,1,25,26.98
2013,1,26,35.47
2013,1,27,33.53
2013,1,28,12.93
2013,1,29,18.41
2013,1,30,16.82
2013,1,31,21.34
2013,2,1,24.41
2013,2,2,34.88
2013,2,3,36.98
2013,2,4,14.61
2013,2,5,18.98
2013,2,6,13.62
2013,2,7,16.87
2013,2,8,22.27
2013,2,9,27.15
2013,2,10,24.34
2013,2,11,21.31
2013,2,12,13.36
2013,2,13,20.25
2013,2,14,20.06
2013,2,15,18.63
2013,2,16,43.99
2013,2,17,36.66
2013,2,18,16.47
2013,2,19,15.22
2013,2,20,13.01
2013,2,21,31.19
2013,2,22,26.88
2013,2,23,32.51
2013,2,24,28.97
2013,2,25,29.74
2013,2,26,18.79
2013,2,27,20.31
2013,2,28,17.66
2013,3,1,24.69
2013,3,2,28.92
2013,3,3,41.31
2013,3,4,20.4
2013,3,5,22.89
2013,3,6,27.52
2013,3,7,22.25
2013,3,8,22.98
2013,3,9,28.3
2013,3,10,46.83
2013,3,11,21.94
2013,3,12,17.19
2013,3,13,19.15
2013,3,14,19.58
2013,3,15,28.55
2013,3,16,32.31
2013,3,17,34.92
2013,3,18,23.7
2013,3,19,23.78
2013,3,20,42.43
2013,3,21,16.85
2013,3,22,25.26
2013,3,23,34.36
2013,3,24,41.43
2013,3,25,55.86
2013,3,26,15.44
2013,3,27,27.5
2013,3,28,23.76
2013,3,29,24.56
2013,3,30,42.69
2013,3,31,37.05
2013,4,1,36.85
2013,4,2,14.36
2013,4,3,17.08
2013,4,4,21.47
2013,4,5,24.18
2013,4,6,29.33
2013,4,7,26.17
2013,4,8,14.17
2013,4,9,15.92
2013,4,10,21.73
2013,4,11,19.68
2013,4,12,19.67
2013,4,13,32.33
2013,4,14,38.83
2013,4,15,18.87
2013,4,16,17.09
2013,4,17,30.22
2013,4,18,13.9
2013,4,19,21.3
2013,4,20,29.62
2013,4,21,35.94
2013,4,22,22.33
2013,4,23,24.92
2013,4,24,10.17
2013,4,25,42.8
2013,4,26,34.78
2013,4,27,39.51
2013,4,28,49.23
2013,4,29,31.51
2013,4,30,24.85
2013,5,1,37.76
2013,5,2,33.53
2013,5,3,45.92
2013,5,4,49.71
2013,5,5,43.47
2013,5,6,28.82
2013,5,7,18.29
2013,5,8,19.83
2013,5,9,20.32
2013,5,10,18.07
2013,5,11,33.59
2013,5,12,33.35
2013,5,13,13.27
2013,5,14,23.85
2013,5,15,22.73
2013,5,16,30.19
2013,5,17,32.57
2013,5,18,45.28
2013,5,19,39.55
2013,5,20,26.67
2013,5,21,18.2
2013,5,22,26.47
2013,5,23,25.16
2013,5,24,36.75
2013,5,25,48.18
2013,5,26,63.43
2013,5,27,19.92
2013,5,28,24.52
2013,5,29,22.85
2013,5,30,23.02
2013,5,31,21.21
2013,6,1,45.58
2013,6,2,37.37
2013,6,3,36.78
2013,6,4,22.81
2013,6,5,29.73
2013,6,6,20.16
2013,6,7,33.1
2013,6,8,39.46
2013,6,9,41.67
2013,6,10,15.25
2013,6,11,22.34
2013,6,12,21.35
2013,6,13,24.78
2013,6,14,39.78
2013,6,15,52.18
2013,6,16,71.83
2013,6,17,22.2
2013,6,18,32.72
2013,6,19,29.34
2013,6,20,39.51
2013,6,21,23.25
2013,6,22,37.45
2013,6,23,41.53
2013,6,24,28.84
2013,6,25,42.45
2013,6,26,18.26
2013,6,27,20.2
2013,6,28,24.94
2013,6,29,58.87
2013,6,30,63.65
2013,7,1,45.89
2013,7,2,32.62
2013,7,3,27.4
2013,7,4,24.44
2013,7,5,40.28
2013,7,6,71.72
2013,7,7,55.03
2013,7,8,28.54
2013,7,9,40.72
2013,7,10,33.96
2013,7,11,50.08
2013,7,12,43.77
2013,7,13,63.11
2013,7,14,76.11
2013,7,15,54.18
2013,7,16,32.17
2013,7,17,27.19
2013,7,18,30.66
2013,7,19,36.04
2013,7,20,57.33
2013,7,21,46.83
2013,7,22,28.63
2013,7,23,37.45
2013,7,24,31.41
2013,7,25,60.53
2013,7,26,39.97
2013,7,27,65.19
2013,7,28,65.27
2013,7,29,38.68
2013,7,30,36.37
2013,7,31,39.26
2013,8,1,50.76
2013,8,2,31.96
2013,8,3,60.16
2013,8,4,67.42
2013,8,5,31.76
2013,8,6,28.02
2013,8,7,35.91
2013,8,8,42.55
2013,8,9,64.69
2013,8,10,66.0
2013,8,11,79.98
2013,8,12,78.33
2013,8,13,77.84
2013,8,14,87.88
2013,8,15,66.33
2013,8,16,50.14
2013,8,17,43.27
2013,8,18,36.91
2013,8,19,18.63
2013,8,20,24.96
2013,8,21,27.08
2013,8,22,33.34
2013,8,23,27.19
2013,8,24,44.15
2013,8,25,33.47
2013,8,26,25.73
2013,8,27,17.25
2013,8,28,23.41
2013,8,29,27.13
2013,8,30,21.88
2013,8,31,30.29
2013,9,1,48.33
2013,9,2,20.13
2013,9,3,21.31
2013,9,4,20.83
2013,9,5,29.0
2013,9,6,22.72
2013,9,7,34.42
2013,9,8,28.38
2013,9,9,27.17
2013,9,10,29.24
2013,9,11,26.58
2013,9,12,31.02
2013,9,13,20.02
2013,9,14,46.45
2013,9,15,39.67
2013,9,16,33.03
2013,9,17,21.9
2013,9,18,21.25
2013,9,19,20.62
2013,9,20,28.05
2013,9,21,42.6
2013,9,22,40.21
2013,9,23,23.89
2013,9,24,17.51
2013,9,25,17.95
2013,9,26,30.14
2013,9,27,28.91
2013,9,28,39.98
2013,9,29,41.48
2013,9,30,29.45
2013,10,1,18.82
2013,10,2,28.8
2013,10,3,29
2013,10,4,29.5
2013,10,5,39.11
2013,10,6,34.11
2013,10,7,27.11
2013,10,8,17.84
2013,10,9,16.58
2013,10,10,18.5
2013,10,11,37.17
2013,10,12,40.34
2013,10,13,35.08
2013,10,14,31.95
2013,10,15,33.51
2013,10,16,25.12
2013,10,17,21.67
2013,10,18,26.51
2013,10,19,33.12
2013,10,20,24.43
2013,10,21,18.34
2013,10,22,14.45
2013,10,23,18.34
2013,10,24,18.37
2013,10,25,26.91
2013,10,26,41.98
2013,10,27,35.57
2013,10,28,22.46
2013,10,29,15.85
2013,10,30,15.59
2013,10,31,26.19
2013,11,1,31.55
2013,11,2,38.75
2013,11,3,35.2
2013,11,4,32.78
2013,11,5,12.13
2013,11,6,14.32
2013,11,7,21.88
2013,11,8,30.7
2013,11,9,34.85
2013,11,10,24.05
2013,11,11,16.93
2013,11,12,18.39
2013,11,13,15.69
2013,11,14,19.59
2013,11,15,13.04
2013,11,16,33.82
2013,11,17,22.75
2013,11,18,20.48
2013,11,19,13.46
2013,11,20,50.39
2013,11,21,31.12
2013,11,22,31.04
2013,11,23,35.2
2013,11,24,31.65
2013,11,25,28.64
2013,11,26,18.99
2013,11,27,31.52
2013,11,28,21.26
2013,11,29,19.11
2013,11,30,37.06
2013,12,1,47.17
2013,12,2,23.38
2013,12,3,38.03
2013,12,4,31.09
2013,12,5,39.59
2013,12,6,25.63
2013,12,7,38.68
2013,12,8,55.91
2013,12,9,20.18
2013,12,10,31.5
2013,12,11,35.29
2013,12,12,32.74
2013,12,13,37.92
2013,12,14,51.5
2013,12,15,45.54
2013,12,16,57.43
2013,12,17,35.76
2013,12,18,33.92
2013,12,19,33.24
2013,12,20,49.97
2013,12,21,58.73
2013,12,22,59.49
2013,12,23,47.0
2013,12,24,35.84
2013,12,25,48.35
2013,12,26,40.38
2013,12,27,63.15
2013,12,28,95.37
2013,12,29,124.4
2013,12,30,115.34
2013,12,31,113.42
2014,1,1,33.26
2014,1,2,42.01
2014,1,3,34.7
2014,1,4,28.73
2014,1,5,23.77
2014,1,6,14.63
2014,1,7,15.04
2014,1,8,12.68
2014,1,9,15.71
2014,1,10,24.19
2014,1,11,27.61
2014,1,12,32.99
2014,1,13,19.25
2014,1,14,23.68
2014,1,15,19.54
2014,1,16,16.94
2014,1,17,11.12
2014,1,18,31.27
2014,1,19,15.69
2014,1,20,17.28
2014,1,21,20.01
2014,1,22,13.58
2014,1,23,16.38
2014,1,24,23.75
2014,1,25,26.26
2014,1,26,31.93
2014,1,27,19.98
2014,1,28,10.71
2014,1,29,16.56
2014,1,30,18.33
2014,1,31,25.63
2014,2,1,28.97
2014,2,2,28.33
2014,2,3,14.95
2014,2,4,14.6
2014,2,5,25.2
2014,2,6,16.73
2014,2,7,23.91
2014,2,8,22.62
2014,2,9,25.83
2014,2,10,16.51
2014,2,11,17.88
2014,2,12,14.04
2014,2,13,19.25
2014,2,14,23.16
2014,2,15,21.13
2014,2,16,29.64
2014,2,17,19.36
2014,2,18,22.18
2014,2,19,18.33
2014,2,20,29.42
2014,2,21,16.75
2014,2,22,23.01
2014,2,23,28.23
2014,2,24,13.89
2014,2,25,21.85
2014,2,26,19.57
2014,2,27,18.39
2014,2,28,20.05
2014,3,1,36.03
2014,3,2,42.51
2014,3,3,15.94
2014,3,4,13.47
2014,3,5,14.3
2014,3,6,18.5
2014,3,7,23.63
2014,3,8,30.18
2014,3,9,26.16
2014,3,10,14.8
2014,3,11,14.48
2014,3,12,20.02
2014,3,13,23.12
2014,3,14,32.44
2014,3,15,38.24
2014,3,16,59.41
2014,3,17,16.83
2014,3,18,17.9
2014,3,19,19.39
2014,3,20,34.42
2014,3,21,52.77
2014,3,22,47.47
2014,3,23,47.99
2014,3,24,22.63
2014,3,25,42.88
2014,3,26,34.97
2014,3,27,38.21
2014,3,28,46.39
2014,3,29,68.1
2014,3,30,70.34
2014,3,31,51.92
2014,4,1,14.15
2014,4,2,12.71
2014,4,3,8.43
2014,4,4,11.45
2014,4,5,27.44
2014,4,6,27.5
2014,4,7,12.16
2014,4,8,10.76
2014,4,9,15.98
2014,4,10,15.02
2014,4,11,22.11
2014,4,12,24.61
2014,4,13,24.13
2014,4,14,21.9
2014,4,15,16.26
2014,4,16,17.33
2014,4,17,17.63
2014,4,18,18.69
2014,4,19,33.68
2014,4,20,38.01
2014,4,21,18.27
2014,4,22,15.34
2014,4,23,23.22
2014,4,24,20.7
2014,4,25,24.87
2014,4,26,44.47
2014,4,27,52.78
2014,4,28,21.64
2014,4,29,27.3
2014,4,30,24.23
2014,5,1,25.96
2014,5,2,37.31
2014,5,3,42.48
2014,5,4,44.65
2014,5,5,30.92
2014,5,6,27.24
2014,5,7,28.88
2014,5,8,16.89
2014,5,9,21.3
2014,5,10,41.97
2014,5,11,38.91
2014,5,12,14.77
2014,5,13,23.29
2014,5,14,10.41
2014,5,15,18.27
2014,5,16,27.76
2014,5,17,33.29
2014,5,18,32.54
2014,5,19,27.52
2014,5,20,29.75
2014,5,21,28.57
2014,5,22,30.31
2014,5,23,23.92
2014,5,24,34.59
2014,5,25,39.41
2014,5,26,18.0
2014,5,27,18.7
2014,5,28,24.96
2014,5,29,27.92
2014,5,30,34.82
2014,5,31,35.75
2014,6,1,39.7
2014,6,2,28.83
2014,6,3,27.34
2014,6,4,24.86
2014,6,5,20.15
2014,6,6,25.97
2014,6,7,32.18
2014,6,8,31.89
2014,6,9,27.87
2014,6,10,30.79
2014,6,11,26.18
2014,6,12,35.92
2014,6,13,32.05
2014,6,14,41.75
2014,6,15,55.52
2014,6,16,25.63
2014,6,17,21.87
2014,6,18,26.13
2014,6,19,19.06
2014,6,20,46.87
2014,6,21,48.44
2014,6,22,46.91
2014,6,23,26.51
2014,6,24,19.53
2014,6,25,25.86
2014,6,26,44.21
2014,6,27,34.37
2014,6,28,43.44
2014,6,29,59.83
2014,6,30,42.37
2014,7,1,45.87
2014,7,2,55.13
2014,7,3,51.71
2014,7,4,41.9
2014,7,5,50.37
2014,7,6,51.31
2014,7,7,31.2
2014,7,8,43.44
2014,7,9,33.61
2014,7,10,23.48
2014,7,11,70.51
2014,7,12,47.79
2014,7,13,61.22
2014,7,14,31.01
2014,7,15,38.35
2014,7,16,46.82
2014,7,17,24.08
2014,7,18,47.4
2014,7,19,60.82
2014,7,20,58.16
2014,7,21,36.14
2014,7,22,43.25
2014,7,23,44.48
2014,7,24,35.27
2014,7,25,50.48
2014,7,26,55.85
2014,7,27,54.92
2014,7,28,28.49
2014,7,29,40.88
2014,7,30,45.82
2014,7,31,23.87
2014,8,1,48.6
2014,8,2,53.47
2014,8,3,60.62
2014,8,4,38.28
2014,8,5,37.3
2014,8,6,45.51
2014,8,7,50.68
2014,8,8,43.88
2014,8,9,61.68
2014,8,10,63.47
2014,8,11,46.04
2014,8,12,79.53
2014,8,13,64.11
2014,8,14,64.88
2014,8,15,60.59
2014,8,16,52.07
2014,8,17,42.48
2014,8,18,20.29
2014,8,19,22.63
2014,8,20,23.71
2014,8,21,24.69
2014,8,22,27.39
2014,8,23,33.31
2014,8,24,37.91
2014,8,25,24.13
2014,8,26,37.23
2014,8,27,32.01
2014,8,28,16.71
2014,8,29,28.17
2014,8,30,40.85
2014,8,31,50.63
2014,9,1,23.51
2014,9,2,29.22
2014,9,3,16.21
2014,9,4,15.97
2014,9,5,24.06
2014,9,6,42.84
2014,9,7,42.79
2014,9,8,37.57
2014,9,9,14.07
2014,9,10,16.8
2014,9,11,19.57
2014,9,12,27.13
2014,9,13,39.75
2014,9,14,38.95
2014,9,15,28.29
2014,9,16,28.35
2014,9,17,28.33
2014,9,18,21.11
2014,9,19,29.08
2014,9,20,42.35
2014,9,21,39.27
2014,9,22,17.14
2014,9,23,34.6
2014,9,24,16.56
2014,9,25,28.64
2014,9,26,22.92
2014,9,27,40.1
2014,9,28,45.97
2014,9,29,21.56
2014,9,30,23.41
2014,10,1,37.6
2014,10,2,18.64
2014,10,3,18.41
2014,10,4,37.42
2014,10,5,37.07
2014,10,6,19.98
2014,10,7,16.66
2014,10,8,15.79
2014,10,9,16.01
2014,10,10,20.09
2014,10,11,35.34
2014,10,12,38.15
2014,10,13,21.13
2014,10,14,13.69
2014,10,15,18.72
2014,10,16,17.89
2014,10,17,29.15
2014,10,18,25.28
2014,10,19,33.44
2014,10,20,17.15
2014,10,21,15.98
2014,10,22,19.56
2014,10,23,26.61
2014,10,24,33.44
2014,10,25,40.19
2014,10,26,35.36
2014,10,27,17.36
2014,10,28,25
2014,10,29,25.97
2014,10,30,13.94
2014,10,31,24.18
2014,11,1,36.9
2014,11,2,40.37
2014,11,3,24.85
2014,11,4,21.98
2014,11,5,13.92
2014,11,6,18.84
2014,11,7,24.48
2014,11,8,24.1
2014,11,9,26.23
2014,11,10,23.05
2014,11,11,16.25
2014,11,12,17.86
2014,11,13,15.48
2014,11,14,16.48
2014,11,15,28.86
2014,11,16,29.61
2014,11,17,15.55
2014,11,18,20.71
2014,11,19,27.53
2014,11,20,27.1
2014,11,21,23.16
2014,11,22,31.28
2014,11,23,32.12
2014,11,24,31.91
2014,11,25,27.98
2014,11,26,34.54
2014,11,27,20.85
2014,11,28,25.58
2014,11,29,36.11
2014,11,30,54.67
2014,12,1,52.09
2014,12,2,27.72
2014,12,3,21.05
2014,12,4,21.69
2014,12,5,38.21
2014,12,6,48.21
2014,12,7,53.83
2014,12,8,31.72
2014,12,9,30.15
2014,12,10,30.54
2014,12,11,34.2
2014,12,12,32.59
2014,12,13,45.47
2014,12,14,50.07
2014,12,15,30.09
2014,12,16,29.65
2014,12,17,29.14
2014,12,18,27.32
2014,12,19,42.89
2014,12,20,47.04
2014,12,21,65.32
2014,12,22,41.29
2014,12,23,47.47
2014,12,24,48.11
2014,12,25,47.13
2014,12,26,51.7
2014,12,27,74.31
2014,12,28,79.79
2014,12,29,83.0
2014,12,30,120.04
2014,12,31,118.79
2015,1,1,30.63
2015,1,2,36.34
2015,1,3,26.75
2015,1,4,36.74
2015,1,5,15.69
2015,1,6,19.47
2015,1,7,10.45
2015,1,8,12.29
2015,1,9,19.14
2015,1,10,26.09
2015,1,11,28.92
2015,1,12,18.44
2015,1,13,14.22
2015,1,14,10.1
2015,1,15,6.66
2015,1,16,15.55
2015,1,17,24.17
2015,1,18,37.4
2015,1,19,12.57
2015,1,20,13.5
2015,1,21,11.67
2015,1,22,10.35
2015,1,23,17.1
2015,1,24,28.58
2015,1,25,22.07
2015,1,26,13.46
2015,1,27,14.58
2015,1,28,16.82
2015,1,29,17.6
2015,1,30,11.78
2015,1,31,33.43
2015,2,1,26.8
2015,2,2,20.56
2015,2,3,12.38
2015,2,4,15.41
2015,2,5,14.38
2015,2,6,21.11
2015,2,7,27.75
2015,2,8,17.12
2015,2,9,16.29
2015,2,10,32.04
2015,2,11,23.6
2015,2,12,16.01
2015,2,13,12.96
2015,2,14,42.52
2015,2,15,18.91
2015,2,16,12.02
2015,2,17,21.53
2015,2,18,13.56
2015,2,19,15.55
2015,2,20,24.52
2015,2,21,34.38
2015,2,22,27.58
2015,2,23,10.15
2015,2,24,13.18
2015,2,25,29.2
2015,2,26,12.13
2015,2,27,18.02
2015,2,28,30.69
2015,3,1,32.53
2015,3,2,14.13
2015,3,3,17.48
2015,3,4,19.92
2015,3,5,19.03
2015,3,6,21.59
2015,3,7,26.8
2015,3,8,22.98
2015,3,9,15.57
2015,3,10,17.31
2015,3,11,11.45
2015,3,12,13.4
2015,3,13,17.75
2015,3,14,22.82
2015,3,15,36.54
2015,3,16,20.99
2015,3,17,16.27
2015,3,18,23.27
2015,3,19,18.68
2015,3,20,26.78
2015,3,21,31.69
2015,3,22,24.84
2015,3,23,20.08
2015,3,24,11.73
2015,3,25,22.05
2015,3,26,33.46
2015,3,27,20.07
2015,3,28,37.74
2015,3,29,30.0
2015,3,30,21.83
2015,3,31,23.83
2015,4,1,18.67
2015,4,2,20.43
2015,4,3,16.92
2015,4,4,35.14
2015,4,5,32.79
2015,4,6,11.36
2015,4,7,18.8
2015,4,8,24.82
2015,4,9,26.44
2015,4,10,25.74
2015,4,11,35.34
2015,4,12,22.57
2015,4,13,8.15
2015,4,14,14.67
2015,4,15,23.1
2015,4,16,17.47
2015,4,17,24.78
2015,4,18,36.4
2015,4,19,37.44
2015,4,20,17.07
2015,4,21,16.73
2015,4,22,11.33
2015,4,23,32.94
2015,4,24,30.83
2015,4,25,48.65
2015,4,26,39.57
2015,4,27,17.38
2015,4,28,19.54
2015,4,29,32.48
2015,4,30,27.58
2015,5,1,33.26
2015,5,2,54.62
2015,5,3,40.2
2015,5,4,49.68
2015,5,5,34.95
2015,5,6,30.56
2015,5,7,20.17
2015,5,8,19.37
2015,5,9,33.65
2015,5,10,43.23
2015,5,11,15.79
2015,5,12,13.73
2015,5,13,15.53
2015,5,14,14.64
2015,5,15,25.4
2015,5,16,36.56
2015,5,17,37.94
2015,5,18,17.7
2015,5,19,25.94
2015,5,20,30.72
2015,5,21,19.14
2015,5,22,15.24
2015,5,23,37.3
2015,5,24,48.36
2015,5,25,30.51
2015,5,26,37.17
2015,5,27,22.8
2015,5,28,31.96
2015,5,29,31.15
2015,5,30,39.72
2015,5,31,39.29
2015,6,1,26.13
2015,6,2,35.74
2015,6,3,16.82
2015,6,4,18.26
2015,6,5,18.51
2015,6,6,42.02
2015,6,7,43.39
2015,6,8,25.11
2015,6,9,31.33
2015,6,10,31.5
2015,6,11,17.39
2015,6,12,24.74
2015,6,13,40.3
2015,6,14,33.89
2015,6,15,24.78
2015,6,16,25.61
2015,6,17,24.71
2015,6,18,23.64
2015,6,19,35.49
2015,6,20,60.13
2015,6,21,63.97
2015,6,22,16.76
2015,6,23,27.65
2015,6,24,23.29
2015,6,25,39.38
2015,6,26,26.09
2015,6,27,58.72
2015,6,28,50.12
2015,6,29,43.95
2015,6,30,38.73
2015,7,1,39.36
2015,7,2,43.01
2015,7,3,26.34
2015,7,4,52.0
2015,7,5,63.77
2015,7,6,24.58
2015,7,7,28.67
2015,7,8,32.19
2015,7,9,24.26
2015,7,10,44.15
2015,7,11,79.77
2015,7,12,67.68
2015,7,13,30.63
2015,7,14,25.26
2015,7,15,62.47
2015,7,16,25.86
2015,7,17,40.33
2015,7,18,49.07
2015,7,19,53.19
2015,7,20,43.02
2015,7,21,45.68
2015,7,22,34.01
2015,7,23,45.75
2015,7,24,47.19
2015,7,25,59.93
2015,7,26,64.15
2015,7,27,49.52
2015,7,28,29.89
2015,7,29,39.29
2015,7,30,37.42
2015,7,31,35.13
2015,8,1,53.48
2015,8,2,59.48
2015,8,3,36.75
2015,8,4,38.5
2015,8,5,35.29
2015,8,6,40.91
2015,8,7,37.53
2015,8,8,68.73
2015,8,9,80.07
2015,8,10,55.55
2015,8,11,52.8
2015,8,12,69.05
2015,8,13,75.9
2015,8,14,85.33
2015,8,15,55.65
2015,8,16,44.0
2015,8,17,20.5
2015,8,18,29.25
2015,8,19,25.34
2015,8,20,20.51
2015,8,21,29.81
2015,8,22,36.54
2015,8,23,39.3
2015,8,24,15.49
2015,8,25,20.49
2015,8,26,34.26
2015,8,27,22.88
2015,8,28,31.77
2015,8,29,30.77
2015,8,30,31.93
2015,8,31,17.07
2015,9,1,25.59
2015,9,2,23.26
2015,9,3,26.61
2015,9,4,26.55
2015,9,5,34.55
2015,9,6,33.48
2015,9,7,30.52
2015,9,8,21.43
2015,9,9,20.57
2015,9,10,15.64
2015,9,11,19.88
2015,9,12,39.68
2015,9,13,30.41
2015,9,14,19.18
2015,9,15,24.17
2015,9,16,25.48
2015,9,17,19.36
2015,9,18,30.15
2015,9,19,44.06
2015,9,20,44.72
2015,9,21,50.93
2015,9,22,36.28
2015,9,23,24.96
2015,9,24,19.7
2015,9,25,20.13
2015,9,26,37.9
2015,9,27,30.57
2015,9,28,28.76
2015,9,29,19.9
2015,9,30,18.86
2015,10,1,25.76
2015,10,2,20.13
2015,10,3,27.87
2015,10,4,35.18
2015,10,5,16.91
2015,10,6,17.38
2015,10,7,24.94
2015,10,8,19.38
2015,10,9,20.14
2015,10,10,31.45
2015,10,11,28.79
2015,10,12,29.07
2015,10,13,21.51
2015,10,14,19.94
2015,10,15,23.47
2015,10,16,18.5
2015,10,17,26.6
2015,10,18,32.17
2015,10,19,24.05
2015,10,20,27.21
2015,10,21,24.96
2015,10,22,21.26
2015,10,23,15.34
2015,10,24,46.4
2015,10,25,35.2
2015,10,26,18.7
2015,10,27,23.16
2015,10,28,19.35
2015,10,29,20.3
2015,10,30,22.81
2015,10,31,30.94
2015,11,1,29.64
2015,11,2,25.78
2015,11,3,19.11
2015,11,4,17.0
2015,11,5,15.75
2015,11,6,21.2
2015,11,7,26.75
2015,11,8,38.1
2015,11,9,22.37
2015,11,10,17.04
2015,11,11,12.75
2015,11,12,13.25
2015,11,13,26.58
2015,11,14,23.27
2015,11,15,34.3
2015,11,16,26.11
2015,11,17,17.82
2015,11,18,14.97
2015,11,19,24.37
2015,11,20,21.78
2015,11,21,37.76
2015,11,22,44.57
2015,11,23,25.09
2015,11,24,29.6
2015,11,25,21.48
2015,11,26,17.67
2015,11,27,23.95
2015,11,28,26.96
2015,11,29,45.22
2015,11,30,22.77
2015,12,1,35.65
2015,12,2,28.91
2015,12,3,32.98
2015,12,4,21.45
2015,12,5,54.91
2015,12,6,69.54
2015,12,7,28.58
2015,12,8,29.52
2015,12,9,34.9
2015,12,10,27.55
2015,12,11,33.3
2015,12,12,44.63
2015,12,13,34.84
2015,12,14,32.83
2015,12,15,34.65
2015,12,16,25.87
2015,12,17,37.31
2015,12,18,31.06
2015,12,19,59.42
2015,12,20,64.98
2015,12,21,31.03
2015,12,22,26.41
2015,12,23,53.36
2015,12,24,49.62
2015,12,25,47.14
2015,12,26,64.91
2015,12,27,72.34
2015,12,28,49.71
2015,12,29,78.33
2015,12,30,103.14
2015,12,31,104.71
2016,1,1,49.54
2016,1,2,40.09
2016,1,3,24.45
2016,1,4,14.8
2016,1,5,9.43
2016,1,6,16.11
2016,1,7,18.62
2016,1,8,19.69
2016,1,9,23.99
2016,1,10,19.69
2016,1,11,20.44
2016,1,12,11.97
2016,1,13,10.95
2016,1,14,11.62
2016,1,15,20.05
2016,1,16,26.02
2016,1,17,27.43
2016,1,18,11.01
2016,1,19,18.48
2016,1,20,18.32
2016,1,21,20.25
2016,1,22,12.19
2016,1,23,28.51
2016,1,24,24.75
2016,1,25,10.98
2016,1,26,19.34
2016,1,27,19.54
2016,1,28,17.55
2016,1,29,18.12
2016,1,30,28.08
2016,1,31,25.76
2016,2,1,29.74
2016,2,2,13.31
2016,2,3,19.26
2016,2,4,12.72
2016,2,5,17.84
2016,2,6,20.24
2016,2,7,30.92
2016,2,8,18.42
2016,2,9,14.48
2016,2,10,13.95
2016,2,11,28.23
2016,2,12,16.91
2016,2,13,23.21
2016,2,14,25.1
2016,2,15,14.13
2016,2,16,20.9
2016,2,17,19.49
2016,2,18,13.89
2016,2,19,22.96
2016,2,20,21.81
2016,2,21,29.13
2016,2,22,17.65
2016,2,23,17.19
2016,2,24,19.5
2016,2,25,21.99
2016,2,26,26.5
2016,2,27,35.74
2016,2,28,31.15
2016,2,29,12.55
2016,3,1,22.04
2016,3,2,18.12
2016,3,3,25.26
2016,3,4,20.69
2016,3,5,42.11
2016,3,6,43.17
2016,3,7,14.44
2016,3,8,12.82
2016,3,9,15.72
2016,3,10,20.47
2016,3,11,14.49
2016,3,12,25.25
2016,3,13,30.43
2016,3,14,17.97
2016,3,15,14.97
2016,3,16,19.68
2016,3,17,37.2
2016,3,18,22.19
2016,3,19,32.01
2016,3,20,43.19
2016,3,21,22.44
2016,3,22,14.21
2016,3,23,19.72
2016,3,24,21.73
2016,3,25,30.63
2016,3,26,30.49
2016,3,27,41.24
2016,3,28,16.55
2016,3,29,15.31
2016,3,30,20.99
2016,3,31,14.47
2016,4,1,21.37
2016,4,2,31.54
2016,4,3,40.23
2016,4,4,16.92
2016,4,5,18.02
2016,4,6,18.75
2016,4,7,12.01
2016,4,8,21.26
2016,4,9,35.2
2016,4,10,31.99
2016,4,11,16.99
2016,4,12,23.34
2016,4,13,15.38
2016,4,14,25.62
2016,4,15,21.99
2016,4,16,32.79
2016,4,17,36.42
2016,4,18,27.5
2016,4,19,23.12
2016,4,20,28.61
2016,4,21,17.66
2016,4,22,22.94
2016,4,23,28.56
2016,4,24,33.01
2016,4,25,17.71
2016,4,26,20.52
2016,4,27,22.68
2016,4,28,25.67
2016,4,29,42.41
2016,4,30,35.75
2016,5,1,43.27
2016,5,2,37.03
2016,5,3,39.43
2016,5,4,31.59
2016,5,5,34.8
2016,5,6,23.28
2016,5,7,30.91
2016,5,8,33.01
2016,5,9,13.25
2016,5,10,20.62
2016,5,11,16.64
2016,5,12,20.17
2016,5,13,22.0
2016,5,14,41.13
2016,5,15,42.01
2016,5,16,12.97
2016,5,17,16.76
2016,5,18,26.6
2016,5,19,21.5
2016,5,20,24.75
2016,5,21,32.87
2016,5,22,36.69
2016,5,23,24.54
2016,5,24,19.29
2016,5,25,31.62
2016,5,26,31.21
2016,5,27,31.35
2016,5,28,33.66
2016,5,29,35.68
2016,5,30,16.08
2016,5,31,23.14
2016,6,1,18.89
2016,6,2,35.03
2016,6,3,27.19
2016,6,4,37.85
2016,6,5,41.3
2016,6,6,18.69
2016,6,7,24.79
2016,6,8,21.78
2016,6,9,19.3
2016,6,10,33.94
2016,6,11,37.36
2016,6,12,57.78
2016,6,13,13.93
2016,6,14,22.81
2016,6,15,28.3
2016,6,16,32.17
2016,6,17,39.75
2016,6,18,52.13
2016,6,19,58.77
2016,6,20,23.76
2016,6,21,22.2
2016,6,22,26.63
2016,6,23,19.05
2016,6,24,32.51
2016,6,25,39.75
2016,6,26,47.36
2016,6,27,31.36
2016,6,28,34.81
2016,6,29,29.74
2016,6,30,27.73
2016,7,1,41.22
2016,7,2,38.47
2016,7,3,62.38
2016,7,4,36.81
2016,7,5,39.97
2016,7,6,48.41
2016,7,7,41.74
2016,7,8,41.09
2016,7,9,28.9
2016,7,10,93.8
2016,7,11,31.55
2016,7,12,44.86
2016,7,13,39.29
2016,7,14,29.01
2016,7,15,47.47
2016,7,16,40.12
2016,7,17,61.38
2016,7,18,50.77
2016,7,19,31.67
2016,7,20,26.71
2016,7,21,30.25
2016,7,22,27.12
2016,7,23,49.41
2016,7,24,48.44
2016,7,25,31.39
2016,7,26,26.83
2016,7,27,34.58
2016,7,28,27.58
2016,7,29,32.54
2016,7,30,49.14
2016,7,31,55.28
2016,8,1,41.49
2016,8,2,37.69
2016,8,3,39.11
2016,8,4,41.23
2016,8,5,42.28
2016,8,6,46.62
2016,8,7,61.49
2016,8,8,32.94
2016,8,9,55.11
2016,8,10,63.57
2016,8,11,69.29
2016,8,12,86.38
2016,8,13,85.37
2016,8,14,65.57
2016,8,15,51.43
2016,8,16,34.47
2016,8,17,33.01
2016,8,18,17.34
2016,8,19,22.92
2016,8,20,47.61
2016,8,21,31.04
2016,8,22,20.57
2016,8,23,35.77
2016,8,24,24.99
2016,8,25,25.07
2016,8,26,32.57
2016,8,27,35.74
2016,8,28,46.53
2016,8,29,19.54
2016,8,30,22.26
2016,8,31,24.9
2016,9,1,22.69
2016,9,2,29.65
2016,9,3,19.86
2016,9,4,28.87
2016,9,5,20.02
2016,9,6,29.28
2016,9,7,18.07
2016,9,8,16.68
2016,9,9,17.36
2016,9,10,29.9
2016,9,11,26.2
2016,9,12,17.51
2016,9,13,12.6
2016,9,14,20.93
2016,9,15,16.7
2016,9,16,23.6
2016,9,17,32.46
2016,9,18,32.03
2016,9,19,29.77
2016,9,20,19.89
2016,9,21,25.79
2016,9,22,31.77
2016,9,23,17.13
2016,9,24,30.57
2016,9,25,33.38
2016,9,26,20.39
2016,9,27,15.58
2016,9,28,12.68
2016,9,29,20.19
2016,9,30,18.78
2016,10,1,28.15
2016,10,2,39.71
2016,10,3,19.46
2016,10,4,25.29
2016,10,5,21.35
2016,10,6,20.44
2016,10,7,16.84
2016,10,8,40.37
2016,10,9,31.33
2016,10,10,17.83
2016,10,11,15.04
2016,10,12,12.95
2016,10,13,12.1
2016,10,14,22.25
2016,10,15,25.7
2016,10,16,28.73
2016,10,17,14.62
2016,10,18,21.55
2016,10,19,21.02
2016,10,20,35.64
2016,10,21,29.29
2016,10,22,29.97
2016,10,23,25.0
2016,10,24,16.51
2016,10,25,23.28
2016,10,26,27.51
2016,10,27,11.97
2016,10,28,18.47
2016,10,29,29.77
2016,10,30,29.71
2016,10,31,13.97
2016,11,1,18.65
2016,11,2,30.24
2016,11,3,29.69
2016,11,4,22.59
2016,11,5,26.52
2016,11,6,31.62
2016,11,7,14.57
2016,11,8,15.2
2016,11,9,14.89
2016,11,10,14.3
2016,11,11,20.0
2016,11,12,37.22
2016,11,13,20.23
2016,11,14,10.97
2016,11,15,19.87
2016,11,16,19.75
2016,11,17,32.5
2016,11,18,31.52
2016,11,19,31.83
2016,11,20,32.49
2016,11,21,23.87
2016,11,22,18.02
2016,11,23,24.46
2016,11,24,21.53
2016,11,25,22.98
2016,11,26,33.83
2016,11,27,27.89
2016,11,28,16.13
2016,11,29,21.85
2016,11,30,22.77
2016,12,1,36.38
2016,12,2,28.54
2016,12,3,57.98
2016,12,4,42.0
2016,12,5,31.41
2016,12,6,21.89
2016,12,7,31.71
2016,12,8,30.49
2016,12,9,39.49
2016,12,10,44.91
2016,12,11,44.77
2016,12,12,36.16
2016,12,13,22.73
2016,12,14,23.18
2016,12,15,26.65
2016,12,16,35.27
2016,12,17,35.58
2016,12,18,59.03
2016,12,19,32.0
2016,12,20,34.16
2016,12,21,36.39
2016,12,22,52.95
2016,12,23,48.02
2016,12,24,57.01
2016,12,25,73.36
2016,12,26,44.51
2016,12,27,41.05
2016,12,28,65.2
2016,12,29,86.44
2016,12,30,99.34
2016,12,31,92.96